,Codigo,Sigla,Nome
1,678,ABC ENERGIA,ABC Energia Ltda.
2,360,ABRANJO,Abranjo Geração de Energia S.A.
3,31,ACCO,Anderson Clayton e Cia Ltda.
4,190,ADASA,Agência Reguladora de Águas e Saneamento - DF
5,143,AES TIETÊ,AES Tietê Energia S.A.
6,284,AESA-PB,Agência Executiva de Gestão das Águas do Estado da Paraíba
7,682,AFLUENTE,Afluente Geração de Energia Elétrica S.A
8,913,AGERH-ES,Agência Estadual de Recursos Hídricos
9,637,AGROENERGÉTICA,Agroenergética Mato Grosso Ltda
10,1058,AGROINDUSTRIAL,Cooperativa Agrária Agroindustrial
11,145,AGROROSSATO,Agropecuária Rossato Ltda.
12,1001,ÁGUA CLARA,Água Clara Energética S.A.
13,499,AGUALIMPA,Água Limpa Energia S.A
14,1013,AGUALIMPAMG,Água Limpa Energia S.A. (MG)
15,1103,ÁGUAS,PCH Águas do Rio Irani Energética Ltda.
16,531,ÁGUAS DA PEDRA,Energética Águas da Pedra S.A
17,292,ÁGUAS GUARIROBA,Águas Guariroba S/A
18,441,ÁGUAS IMPERADOR,Águas do Imperador
19,551,ÁGUASCLARAS,Hidrelétrica Águas Claras Ltda.
20,1174,ALEGRE,Alto Alegre Energética Ltda
21,1048,ALIANÇA,Aliança Geração de Energia S.A.
22,1055,ALTESO,Alteso Geração e Comercialização de Energia Ltda.
23,1133,ALTO GUAPORÉ,PCH Alto Guaporé SPE S.A.
24,350,ALTO JAURU,Alto Jauru Energética S.A
25,225,ALTOÉ,Hidroelétrica Altoé Ltda.
26,20,ALUMINAS,Alumínio Minas Gerais S.A.
27,813,ALUPAR,Alupar Investimento S.A.
28,683,ALVORADA,Alvorada Energia S.A
29,146,AMANARY,Amanary Eletricidade Ltda.
30,194,AMAZONAS,Amazonas Geração e Transmissão de Energia S.A.
31,448,AMPARO,Amparo Energia Ltda.
32,148,AMPER,Amper Energia Ltda.
33,1,ANA,Agência Nacional de Águas 
34,110,ANEEL,Agência Nacional de Energia Elétrica
35,1116,ANEL,Anel Imobiliária Ltda.
36,768,ÂNGELO CASSOL,Hidroelétrica Ângelo Cassol Ltda.
37,340,ANGLO GOLD,Anglogold Ashanti Córrego do Sítio Mineração Ltda.
38,472,ANHAMBI,Anhambi Agroindustrial Ltda.
39,493,ANHANGUERA,Central Elétrica Anhanguera S.A
40,298,ANTÔNIO FORNASA,Antônio Fornasa Administradora de Bens Ltda.
41,230,APAC-PE,Agência Pernambucana de Águas e Clima
42,684,APIACÁS,Apiacás Energia S.A
43,393,APROVA,Aprova Agricultura Sustentável
44,147,APROVALE,Associação de Produtores Rurais do Vale do Cedro
45,473,AQUARIUS,Aquarius Energética S.A
46,1160,ARA,ARA  Geração de Energia Santa Luzia Ltda.
47,149,ARAPUCEL,Arapucel Ombreiras S.A.
48,471,ARATU,Aratu Geração S.A
49,475,ARCELOR,Arcelor Mittal Brasil S.A.
50,1007,ARCEZZIL,Arcezzil Geração de Energia Elétrica Ltda.
51,1088,AREADO,Areado Energia S.A.
52,476,AREIA,Areia Energia S.A
53,552,AREIA BRANCA,Hidrelétrica Areia Branca S.A
54,902,ARGENTINA,Argentina
55,1080,ARGENTUM,Argentum Energia SPE Ltda
56,1089,ARMANDO RIBEIRO,Central Geradora Hidrelétrica Armando Ribeiro S.A.
57,288,ARROSSENSAL,Arrossensal Agropecuária e Comercial S.A.
58,401,ASEA,Água e Solo Estudos Ambientais
59,950,ASSET,Asset Allocation Assessoria e Participações Ltda.
60,1131,AT&T,AT&T Energia S.A.
61,477,AUTÓDROMO,Autódromo Energética S.A
62,150,BAESA,Energética Barra Grande S.A-BAESA
63,685,BAHIAPEQUENA,Bahia Pequena Central Hidrelétrica S.A
64,728,BANDEIRANTE,Companhia Energética Bandeirante S.A.
65,326,BARRA GRANDE,Madereira Barra Grande Ltda
66,1095,BARTOLOMEU,São Bartolomeu Geradora de Energia Renovável Ltda.
67,302,BCE,Brasil Central Energia ltda.
68,681,BCENG,Brasil Central Engenharia Ltda.
69,479,BCSERVICE,BC Service Energética S.A.
70,1065,BELA VISTA,Bela Vista Energética S.A.
71,151,BELGO MINEIRA,Companhia Siderúrgica Belgo Mineira
72,559,BERGAMIN,Hidroelétrica Bergamin Ltda.
73,446,BJ. AGROP. LTDA,Bom Jesus Agropecuária Ltda.
74,398,BME CAP. CONV.,Capão da Convenção Energia S.A-BME
75,422,BME ENERGIA,BME Energia S.A.
76,480,BOA FÉ,Boa Fé Energética S.A
77,481,BOA SORTE,Boa Sorte Energética S.A
78,1076,BOA VISTA,Boa Vista Energética S.A.
79,1052,BOA VISTA 2,SPE Boa Vista 2 Energia S.A.
80,905,BOLÍVIA,Bolívia
81,482,BONANZA,Bonanza Energética Ltda.
82,155,BONET,Bonet Madeiras e Papéis Ltda.
83,409,BONFANTE,Bonfante Energética S.A
84,318,BRAÇO NORTE,Braço Norte Energia S.A.
85,153,BRAGAGNOLO,Avelino Bragagnolo S.A Industria e Comércio
86,154,BRASCAN,Brascan Energética
87,774,BRASIL FOODS,Brasil Foods
88,478,BRAÚNA,Barra do Braúna Energética S.A
89,329,BRENNAND,Brennand Energia Manopla S.A
90,1130,BRITO,Brito Energética Ltda.
91,540,BRK,BRK Ambiental - Cachoeiro de Itapemirim S.A.
92,467,BROOKFIELD,Brookfield Energia Renovável  S.A
93,361,BROOKFIELD M.G.,Brookfield Energia Renovavel Minas Gerais S.A.
94,156,BT GERADORA,Bt Geradora de Energia Elétrica S.A
95,339,BURITI,Buriti Energia S.A
96,1127,BURITIZAL,Hidroelétrica Buritizal Ltda.
97,530,C TABOCA,Centrais Elétricas Taboca Ltda.
98,1143,C2LG GERAÇÃO,C2LG Geração de Energia Ltda.
99,1170,CABUÍ,PCH Cabuí SPE S.A.
100,157,CAÇADOR,Caçador Energética S.A
101,769,CACHIMBO ALTO,Hidroelétrica Cachimbo Alto Ltda.
102,553,CACHOEIRÃO,Hidrelétrica Cachoeirão S.A
103,819,CAERN,Companhia de Águas e Esgotos do Rio Grande do Norte
104,77,CAESB,Companhia de Saneamento Ambiental do Distrito Federal
105,483,CAETÉ,Caeté Empreendimentos Energético Ltda.
106,83,CAGEPA,Cia de Águas e Esgoto da Paraíba
107,458,CAIBI,Central Elétrica Caibi Ltda.
108,141,CAIUÁ,Caiuá Serviços de Eletricidade S.A.
109,1040,CAJÚ,Cajú Energia Ltda.
110,484,CALDAS,Caldas Energética Ltda.
111,513,CALDEIRÃO S.A.,Empresa de Energia Cachoeira do Caldeirão S.A.
112,321,CALHEIROS,Calheiros Energia S.A.
113,359,CAM,Consultoria Agropecuária Magrin Ltda.
114,1126,CAMBARÁ,Cambará S.A. Produtos Florestais
115,392,CAMBARÁ,Pequena Central Hidrelétrica Cachoeira do Cambará Ltda.
116,370,CAMBARÁ,Hidrelétrica Cambará S.A.
117,1009,CAMPO BELO,Campo Belo Energética S.A.
118,764,CAMPO DE CIMA,Energética Campo de Cima da Serra Ltda.
119,485,CAMPOS DE JULIO,Campos de Júlio Energia S.A
120,362,CANAÃ,Canaã Geração de Energia S.A.
121,489,CANDEEIRO,Centrais Candeeiro de Energia S/A
122,1046,CANDENGO,Candengo Energias Renováveis Ltda.
123,363,CANHADÃO,Canhadão Produção de Energia Elétrica LTDA.
124,610,CANTU,Cantu Energética S.A
125,1037,CAPÃO ALTO,PCH Capão Alto Geração de Energia S.A.
126,396,CAPARAÓ,Caparaó Energia S.A
127,1032,CARAMUJO,Caramujo Energética Ltda.
128,320,CARANGOLA,Carangola Energia S.A
129,1028,CARNAÚBA,Carnaúba Geração de Energia S.A.
130,364,CAROLINA,Carolina Geração de Energia LTDA.
131,486,CASA DE PEDRA,Casa de Pedra Energia S.A
132,117,CASAN,Companhia Catarinense de Águas e Saneamento de SC
133,686,CASSOL,Cassol Centrais Elétricas Ltda.
134,159,CASTAMAN,Castaman Centrais Elétricas Ltda.
135,1097,CASTANHÃO,Central Geradora Hidrelétrica Castanhão S.A.
136,1051,CASTRO ENERGIA,Castro Energia Ltda.
137,1005,CAVALINHOS I,Serra dos Cavalinhos I Energética S.A.
138,746,CAVALINHOS II,Serra dos Cavalinhos II Energética S.A
139,1166,CAVERNOSO III,Cavernoso III Energia SPE Ltda
140,795,CAZUZA,Cazuza Ferreira Energética S.A.
141,137,CBA,Companhia Brasileira de Alumínio-CBA
142,22,CBCC,Cia Brasileira de Carbureto de Cálcio
143,344,CBR,Cachoeira do Brumado Energia Elétrica LTDA.
144,160,CDSA,Centrais Elétricas  Cachoeira Dourada-CDSA
145,18,CEA,Cia de Eletricidade do Amapá
146,133,CEB,CEB Geração S.A.
147,303,CEBEL,Centrais Elétricas Belém S.A-CEBEL
148,204,CEC,Companhia Energética Chapecó
149,123,CEDAE,Companhia Estadual de Águas e Esgotos
150,7,CEEE,Companhia Estadual de Geração e Transmissão de Energia Elétrica-CEEE
151,162,CEESAM,CEESAM Geradora S.A
152,49,CEESC,Comissão de Energia Elétrica de Santa Catarina
153,679,CEI MINAS,CEI Minas PCH Energia Ltda.
154,163,CEJARAGUÁ,Companhia Eletroquímica Jaraguá
155,15,CELESC,Celesc Geração S.A
156,122,CELG,CELG Geração e Transmissão S.A
157,19,CELPA,Centrais Elétricas do Pará  S.A.
158,95,CELTINS,Cia. Energia Elétrica do Estado do Tocantins
159,451,CEMADEN,Centro Nacional de Monitoramento e Alertas de Desastres Naturais.
160,34,CEMAR,Companhia Energética do Maranhão S.A.
161,13,CEMAT,Centrais Elétricas Matogrossenses S.A.
162,23,CEMIG,CEMIG Geração e Transmissão S.A
163,1070,CEMIG CAMARGOS,CEMIG Geração Camargos S.A.
164,1069,CEMIG ITUTINGA,CEMIG Geração Itutinga S.A.
165,1061,CEMIG LESTE,CEMIG  Geração Leste S.A.
166,1071,CEMIG OESTE,CEMIG Geração Oeste S.A.
167,487,CEMIG PCH,Cemig PCH S.A
168,1060,CEMIG SUL,CEMIG Geração Sul S.A.
169,293,CEMTEC-MS,"Centro Estadual de Monitoramento do Tempo, Clima e Rec. Hídricos - MS"
170,488,CENH,Companhia Energética Novo Horizonte-CENH
171,1110,CENTRALGERADORA,Central Geradora Hidrelétrica Forquilha Ltda.
172,226,CEP,Companhia Energética Paulista S.A.
173,62,CEPLAC,Comissão Executiva do Plano de Recuperação Economica-Social da Lavoura Cacaueira
174,212,CER,Centrais Elétricas de Roraima
175,299,CERAN,Companhia Energética Rio das Antas-CERAN
176,74,CERB,Cia de Engenharia Rural da Bahia
177,494,CERBRANORTE,Cerbranorte Geração S.A.
178,1117,CERCAR,Cercar PCH Moinho S.A.
179,1049,CERCAR,Cooperativa de Eletrificação e Desenvolvimento Econômico de Marechal Cândido Rondon
180,166,CERFOX,Cooperativa de Geração e Distribuição de Energia Fontoura Xavier Ltda. - CERFOX
181,167,CERILUZ GERAÇÃO,Cooperativa de Geração de Energia e Desenvolvimento Social Ltda. - Ceriluz Geração
182,132,CERJ,Companhia de Eletricidade do Rio de Janeiro
183,168,CERMISSÕES,Cooperativa de Distribuição e Geração de Energia das Missões Ltda.-CERMISSÕES
184,1168,CERQUINHA,Cerquinha III Energética S.A.
185,760,CERR,Companhia Energética de Roraima-CERR
186,264,CERSAD,Cooperativa de Geração de Energia Elétrica Salto Donner - CERSAD
187,1044,CERTEL,Certel Energias Renováveis S.A
188,497,CERTEL RASTRO,Certel Rastro de Auto Geração de Energia S.A
189,169,CERTELTEUTONIA,Cooperativa Regional de Desenvolvimento Teutônia Ltda.- CERTEL
190,170,CERTHIL,Cooperativa de Energia e Desenvolvimento Rural Entre Rios Ltda.-CERTHIL
191,440,CERV-PET,Cervejaria Petrópolis do Centro Oeste Ltda.
192,201,CESAN,Companhia Espirito Santense de Saneamento - CESAN
193,213,CESC,Companhia Energética Santa Clara-CESC
194,6,CESP,Companhia Energética de São Paulo-CESP
195,304,CESS,Companhia Energética São Salvador-CESS
196,113,CETESB-SP,Companhia de Tecnologia de Saneamento Ambiental
197,821,CETREL,EMPRESA DE PROTEÇÃO AMBIENTAL S/A
198,369,CÉU AZUL,Geração Céu Azul S.A.
199,172,CFLCL,Companhia Força e Luz Cataguases Leopoldina
200,495,CGEDTJ,Cooperativa de Geração de Energia e Desenvolvimento Taquari-Jacuí
201,79,CGT ELETROSUL,Companhia de Geração e Transmissão de Energia Elétrica do Sul do Brasil - ELETROBRAS CGT ELETROSUL
202,1128,CHALÉ,Central Geradora Hidroelétrica Chalé S.A
203,144,CHAPECOZINHO,Chapecozinho Energética S.A.
204,1155,CHEROBIM,SPE Cherobim Energia S.A.
205,80,CHESF,Companhia Hidro Elétrica do São Francisco-CHESF
206,904,CHILE,Chile
207,730,CHIMAY,Chimay Empreendimentos e Participações Ltda.
208,61,CHM,Comando de Hidrografia e Navegação do Ministério da Marinha
209,690,CHOPIM,Chopim Energia S.A
210,561,CHUPINGUAIA,Hidroelétrica Chupinguaia Ltda.
211,53,CIA,Centro Industrial de Aratú
212,227,CIA MINAS,Companhia Minas da Passagem
213,503,CIABS,Companhia Bom Sucesso de Eletricidade-CIABS
214,505,CIF,Companhia Industrial Fluminense - CIF
215,951,CIMAG,Cimento Portland Mato Grosso S.A.
216,956,CIMEHGO,Centro de Informações Meteorológicas e Hidrológicas do Estado de Goiás
217,279,CJ ENERGETICA,CJ Energética S.A
218,508,CJ HIDRO,CJ Hydro - Geração de Energia S. A
219,254,CLFM,Companhia Luz e Força Mococa-CLFM
220,216,CLFSC,Companhia Luz e Força Santa Cruz
221,63,CLM,Comissão da Lagoa Mirim
222,32,CMNP,Cia de Melhoramento Norte do Paraná
223,301,CN ENERGIA,CN Energia S.A
224,758,CNB,Companhia de Nickel do Brasil-CNB
225,86,CNEC,Consorcio Nacional de Engenheiros Consultores
226,1102,COBRE,Rio do Cobre Energia Ltda.
227,410,COBUCCIO,Cobuccio e Almeida Energia Ltda. - EPP
228,428,COCAIS GRANDE,Cocais Grande Energia S/A
229,219,CODESP,Companhia Docas do Estado de São Paulo-CODESP
230,4,CODEVASF,Cia de Desenvolvimento dos Vales do São Francisco e Parnaiba
231,37,COELBA,Cia de Eletricidade do Estado da Bahia
232,106,COGERH-CE,Companhia de Gestão dos Recursos Hídricos - Ceará
233,375,COGESDEC,Conselho dos Gestores Municipais de Defesa Civil do Est. do Rio de Janeiro
234,100,COHIDRO,"Consultoria, Estudos e Projetos"
235,820,COHIDRO-SE,Companhia de Desenvolvimento de Recursos Hídricos e Irrigação de Sergipe
236,509,COMODORO,Comodoro Energética S.A
237,510,COMOSA,Concessionária Mosquitão S.A-COMOSA
238,382,COMPESA,Companhia Pernambucana de Saneamento
239,259,CONCREMAT,Concremat Engenharia e Tecnologia
240,514,CONFLUÊNCIA,Confluência Energia S.A
241,793,CONS.AIMORÉS,Consórcio da Hidrelétrica Aimorés
242,798,CONS.ARROZEIRA,Consórcio PCH Arrozeira Meyer
243,786,CONS.ATERPA,Consórcio Aterpa CCM
244,799,CONS.BAGUARI,Consórcio UHE Baguari
245,800,CONS.CANOAS,Consórcio UHE Canoas
246,787,CONS.CAP.BRANCO,Consórcio Capim Branco Energia
247,1004,CONS.CAPIVARI,Consórcio Cerbranorte-Urbano
248,437,CONS.CECS,Consórcio Energético Cruzeiro do Sul
249,788,CONS.CEMIG-CEB,Consorcio CEMIG-CEB
250,420,CONS.CESAP,Consórcio Empresarial Salto Pilão - CESAP
251,791,CONS.CESTE,Consórcio Estreito Energia - CESTE
252,346,CONS.CORUMBÁIII,Consórcio Empreendedor Corumbá lll
253,802,CONS.DFRANCISCA,Consórcio UHE Dona Francisca
254,784,CONS.FUNIL,Consórcio AHE Funil
255,792,CONS.GESAI,Consórcio GESAI - Geração Santa Isabel
256,803,CONS.GUAPORÉ,Consórcio UHE Guaporé
257,789,CONS.IGARAPAVA,Consórcio da Usina Hidreletrica de Igarapava
258,804,CONS.ITÁ,Consórcio UHE Itá
259,806,CONS.JAURU,Consórcio UHE Jauru
260,807,CONS.LUISMAGA,Consórcio UHE Luis Eduardo Magalhães
261,808,CONS.MACHADINHO,Consórcio UHE Machadinho
262,809,CONS.MANSO,Consórcio UHE Manso
263,810,CONS.PAI QUERÊ,Consórcio UHE Pai Querê
264,408,CONS.PESTRELA,Consórcio AHE Porto Estrela
265,794,CONS.RIOGRANDE,Consórcio PCH Alto Rio Grande
266,811,CONS.RISOLETA,Consórcio UHE Risoleta Neves
267,797,CONS.SELT,Consórcio SELT
268,331,CONS.UHEGA,Consórcio UHE Guilman Amorim
269,426,CONSTRUFAM,Construfam Engenharia e Empreendimentos Ltda.
270,139,CONSTRUSERV,Construserv Serviços Gerais Ltda
271,695,CONSTRUTORA LJA,Construtora LJA Ltda.
272,516,CONTESTADO,Contestado Energética S.A
273,44,CONTUR,Contur Energética
274,368,COOP.STA. MARIA,Cooperativa Geradora de Energia Elétrica e Desenvolvimento Santa Maria
275,135,COOPERLUZ,Cooperativa de Geração de Energia e Desenvolvimento COOPERLUZ Geração
276,517,COOPERZEM,Cooperzem Cooperativa de Geração de Energia e Desenvolvimento - Cooperzem Geração
277,54,COPASA-MG,Cia de Saneamento de Minas Gerais
278,28,COPEL,Copel Geração e Transmissão S.A
279,338,COPPE/UFRJ,COPPE/UFRJ
280,176,COPREL,Cooperativa de Geração de Energia e Desenvolvimento-Coprel
281,518,COQUEIRAL,Coqueiral Energética Ltda.
282,519,CORONEL ARAUJO,Coronel Araújo Energética S.A
283,520,CORUMBÁ COM,Corumbá Concessões S.A
284,285,COSTA BARROS,Costa Barros Engenharia
285,178,COSTA RICA,Costa Rica Energética Ltda.
286,523,COTESA,COTESA Geradora de Energia - PCH São Sebastião Ltda.
287,215,COTIPORÃ,Cotiporã Energética S.A.
288,1045,COURO DO CERVO,Couro do Cervo Energia Ltda.
289,525,COVÓ,Covó Geração de Energia Elétrica Ltda.
290,332,CPFL,CPFL Geração de Energia S.A.
291,1151,CPFL Energias,CPFL Energias Renováveis S.A.
292,229,CPFL GERAÇÃO,CPFL Geração de Energias S.A.
293,36,CPFL-FERROLIGAS,Cia Paulista de Ferro Ligas
294,526,CPFL-SUL,CPFL Sul Centrais Elétricas Ltda
295,104,CPRH-PE,Companhia Pernambucana do Meio Ambiente
296,82,CPRM,Cia de Pesquisa de Recursos Minerais
297,107,CRA,Centro de Recursos Ambientais da Bahia
298,179,CRELUZ G,Cooperativa de Geração de Energia e Desenvolvimento
299,300,CRISTALINO,Cristalino Energia Ltda.
300,263,CRISTO REI,Industrias Reunidas Cristo Rei Ltda.
301,294,CRIÚVA,Criuva Energética S.A.
302,218,CSPE,CSPE - Companhia Sul Paulista de Energia
303,33,CTNP,Cia de Terras Norte do Paraná
304,265,CURUÁ,Curuá Energia S.A.
305,297,DA ILHA,Da Ilha Energética S.A.
306,68,DAEE-MG,Departamento de Águas e Energia Elétrica de Minas Gerais
307,10,DAEE-SP,Departamento de Águas e Energia Elétrica do Estado de São Paulo
308,492,DARDANELOS,Centrais Elétricas Salto dos Dardanelos S.A
309,387,DCES,Defesa Civil do Estado do Espírito Santo-ES
310,220,DEMEI,Departamento Municipal de Energia de Ijuí-DEMEI
311,1043,DEMEI GERAÇÃO,Departamento Municipal de Energia de Ijuí Geração - DEMEI-Geração
312,65,DEPRC,"Departamento Estadual de Portos, Rios e Canais do Rio Grande do Sul"
313,57,DEPV,Diretoria de Eletrônica e Proteção ao Voo do Ministério da Aeronáutica
314,46,DER-SP,Departamento de Estrada de Rodagem do Estado de São Paulo
315,431,DESENVIX,Desenvix S.A.
316,1139,DESERTO,Central Geradora Hidroelétrica Santana do Deserto Ltda.
317,612,DEUS ENERGÉTICA,Presente de Deus Energética S.A
318,901,DH - URUGUAI,Uruguai
319,1135,DIAMANTINO,Diamantino Energia Ltda
320,119,DINFRA,Departamento Nacional de Infra Estrutura
321,731,DIVISA,Divisa Energia S.A
322,696,DM,DM Construtora de Obras Ltda.
323,66,DMAE,Departamento Municipal de Águas e Esgoto - Porto Alegre / RS 
324,527,DME,DME Energética Ltda.
325,232,DMEDISTR,DME Distribuição S/A
326,3,DNIT,Departamento Nacional de Infra-Estrutura de Transportes 
327,58,DNOCS,Departamento Nacional de Obras Contra as Secas
328,2,DNOS,Departamento Nacional de Obras de Saneamento
329,309,DOBREVÊ,Dobrevê Energética
330,1036,DOIS SALTOS,Dois Saltos Empreendimentos de Geração de Energia Elétrica Ltda.
331,1018,DORES,PCH Dores de Guanhães S.A.
332,954,DUALBASE,Dualbase Tecnologia Eletronica Ltda
333,1084,EECO,EECO Jacutinga - Empreendimentos Energéticos do Centro Oeste S.A.
334,337,EEPP,Empresa Energética Porto das Pedras S.A-EEPP
335,26,EESC,Escola de Engenharia de São Carlos
336,16,EEVP,Empresa de Eletricidade Vale do Paranapanema S.A.
337,14,EFMM,Estrada de Ferro Madeira-Mamoré
338,21,EFVM,Estrada de Ferro Vitória-Minas
339,1006,EGP,Enel Green Power Salto Apiacás
340,384,EIRELI,PB Produção de Energia Elétrica - Eireli
341,289,ELEJOR,Centrais Elétricas do Rio Jordão S.A-ELEJOR
342,211,ELEKTRO,Instituto Elektro
343,529,ELET. SÃO PEDRO,Eletricidade São Pedro Ltda.
344,173,ELETRAM,Eletricidade da Amazônia S.A-ELETRAM
345,528,ELETRIC,Eletric Fall Ltda.
346,427,ELETRISA,Eletrisa - Operadora de Usinas Ltda.
347,55,ELETROBRÁS,Centrais Elétricas Brasileiras S.A.
348,290,ELETROCESAR,Eletro Cesar Geração de Energia Ltda
349,158,ELETROGOES S/A,Eletrogoes S.A
350,233,ELETRON,Eletricidade de Rondônia Ltda-ELETRON
351,75,ELETRONORTE,Centrais Elétricas do Norte do Brasil S.A-ELETRONORTE
352,307,ELETROSSOL,Centrais Elétricas Cassol  Ltda.-ELETROSSOL
353,234,ELFSM,Empresa Luz e Força Santa Maria S.A.
354,763,ELMA,Elma Eletricidade de Mato Grosso Ltda.
355,180,ELOI BRUNETTA,Eloi Bruneta e Cia. Ltda.
356,261,ELTAN,Eltan Energética
357,84,EMAE,Empresa Metropolitana de Águas e Energia  S.A-EMAE
358,89,EMATER,Empresa Estadual de Assistência Tec. e Ext. Rural
359,152,EMATEX,Ematex Industrial e Comercial Têxtil Ltda.
360,73,EMBASA-BA,Empresa Baiana de Saneamento
361,371,EMBAÚBA,Hidrelétrica Embaúba S.A.
362,42,EMBRAPA/IPAGRO,Empresa Brasileira de Pesquisa Agropecuária
363,97,EMPARN,Empresa de Pesquisa Agropecuária do Rio Grande do Norte
364,417,ENEBRAS,Enebras Projetos de Usinas Hidrelétricas Ltda.
365,704,ENEL BOI,Enel Green Power Cabeça de Boi S.A
366,702,ENEL DA FAZENDA,Enel Green Power da Fazenda S.A
367,1056,ENEL GREEN,Enel Green Power Paranapanema S.A.
368,129,ENERCAN,Campos Novos Energia S.A-ENERCAN
369,222,ENERCOOP,Enercoop Ltda.
370,445,ENERGEST,Energest S.A
371,1010,ENERGÉTCANOAS,Companhia Energética Canoas
372,533,ENERGISAFRIBURG,Energisa Nova Friburgo - Distribuidora de Energia S.A
373,278,ENERPEIXE,Enerpeixe S.A
374,130,ENERSUL,Empresa Energética do Mato Grosso do Sul
375,1138,ENERVIX,Enervix Energias do Espiríto Santo
376,223,ENGECORPS,Corpo de Engenheiros Consultores Ltda.
377,138,ENGEP,Engenharia e Pavimentação Ltda
378,112,ENGIE,Engie Brasil Energia S.A.
379,1108,ENGIE BRASIL,Engie Brasil Energia S.A.
380,349,EPA,Eletricidade Paraense Ltda.
381,94,EPAGRI-SC,Empresa de Pesquisa Agrícola de Santa Catarina
382,908,EQUADOR,Equador
383,456,ERSA,ERSA Energias Renováveis s/a
384,342,ESBR,Energia Sustentável do Brasil S.A
385,181,ESCELSA,Espírito Santo Centrais Elétricas S.A.
386,534,ESMERALDA,Esmeralda S.A
387,450,ESPORA,Espora Energética S.A
388,698,ESPRA,Energética Serra da Prata S.A-ESPRA
389,535,ESTAÇÃO INDAIAL,Estação Indaial Energética S.A
390,747,EUCLIDES,Euclides Maciel Energética S.A.
391,1163,F.D.A.,F.D.A. Geração de Energia Elétrica S.A.
392,35,FABA,Fomento Agrícola da Bahia
393,182,FAIXA AZUL,Faixa Azul Industria de Móveis para Escritório Ltda.
394,39,FASE,Fomento Agrícola de Sergipe
395,183,FAXINAL,Madeireira Faxinal Ltda.
396,801,FAZ.GIRASSOL,Fazenda Girassol
397,1011,FAZENDA VELHA,Energética Fazenda Velha S.A.
398,59,FEEMA,Fundação Estadual de Engenharia do Meio Ambiente - RJ
399,389,FEMARH-RR,Fundação Estadual do Meio Ambiente e Recursos Hídricos de Roraima
400,188,FEPAM-RS,Fundação Estadual de Proteção Ambiental Henrique Luiz Roessler - RS
401,50,FEPASA,Ferrovia Paulista S.A.
402,286,FEPI,Fundação de Ensino e Pesquisa de Itajubá
403,699,FERLIG,Ferro Liga Ltda.-FERLIG
404,955,FERNANDO COSTA,Fernando Costa Faria & CIA LTDA.
405,536,FERREIRAGOMES,Ferreira Gomes Energia S.A
406,205,FERTILIGAS,Fertiligas Industria e Comércio Ltda.
407,537,FIBRA,Fibra Geração Ltda.
408,512,FIGUEIRÓPOLIS,Companhia Hidroelétrica Figueirópolis
409,538,FIRENZE,Firenze Energética S.A
410,341,FLOW,Flow engenharia
411,208,FLP,Ferro Ligas Piracicaba Ltda.-FLP
412,539,FLSS,Força e Luz São Sebastião Ltda.
413,235,FOCKINK,Hidrelétrica Fockink S.A
414,1154,FOCUS,Focus Geração de Energia Ltda.
415,236,FORCEL,Força e Luz Coronel Vivida Ltda.
416,1092,FORQUILHA,Hidrelétrica Forquilha Ltda.
417,1118,FORTALEZA,Fortaleza Energia Ltda.
418,1020,FORTUNA,PCH Fortuna ll S.A.
419,442,FOZ DO CHAPECÓ,Foz do Chapecó Energia S.A
420,312,FOZ DO CHOPIM,Foz do Chopim Energética Ltda.
421,9,FUNCEME-CE,Fundação Cearense de Meteorologia e Recursos Hídricos
422,430,FUNDAGRO-SC,Fundação de Apoio ao Desenvolimento Rural Sustentável de Sta. Catarina
423,575,FUNDO,Córrego Fundo SPE Ltda.
424,322,FUNIL,Funil Energia S.A.
425,231,FURG,Universidade Federal do Rio Grande
426,69,FURNAS,Furnas Centrais Elétricas S.A.
427,315,GACEL,Galera Centrais Elétricas S.A-GACEL
428,1156,GALERA,Rio Galera Energética S.A.
429,541,GALHEIROS,Galheiros Geração de Energia Elétrica S.A
430,542,GALÓPOLIS,Galópolis Energia S.A
431,311,GALVÃO ENG.,Galvão Engenharia S.A.
432,638,GARÇA BRANCA,Garça Branca Energética S/A
433,399,GARÇAS ENERGIA,Garças Energia e Participações S.A
434,1177,GARCIA,Hidrelétrica Garcia de Angelina SPE Ltda.
435,543,GÊNESIS,Gênesis Energética S.A
436,1175,GÊNESIS,Gênesis Energia S.A
437,444,GERA,GERA - Consultoria e Empreendimentos Energéticos Ltda
438,72,GERAL,Cia Geral de Eletricidade
439,548,GERAOESTE,Usinas Elétricas do Oeste S.A.
440,103,GERASUL,Centrais Elétricas do Sul do Brasil
441,766,GERDAU,Gerdau Aços Longos S.A
442,700,GERMAT,Geradora de Energia do Estado de Mato Grosso S.A-GERMAT
443,1029,GESM,Geração de Energia Sul de Minas S.A.
444,367,GIOVENARDI,Eugênio Giovenardi
445,184,GLOBAL,Global Energia Elétrica S.A.
446,701,GOIAS SUL,Goiás Sul Geração de Energia S.A
447,352,GRANDVIEW,Grandview Energia LTDA
448,688,GRAPON,Centrais Hidrelétricas Grapon Ltda.
449,1078,GUAPORÉ,Nova Guaporé Energética S.A.
450,549,GUARANTÃ,Guarantã Energética Ltda.
451,507,GUASSUPI,Salto do Guassupi Energética S/A
452,910,GUIANA,Guiana
453,912,GUIANA FRANCESA,Guiana Francesa
454,550,HACKER,Hacker Industrial Ltda.
455,305,HÁGUAS,Háguas Hidrometria e Telemetria
456,185,HEIDRICH,Heidrich Geração Elétrica Ltda
457,1039,HEIDRICH,Heidrich & Heidrich Ltda.
458,260,HIDRECON,Energia Independente
459,703,HIDREL COMODORO,Hidrelétrica Comodoro Ltda.
460,237,HIDROBASA,Hidrometria da Bahia Ltda.
461,88,HIDROESB,Saturnino de Brito S.A.
462,85,HIDROLOGIA,Engenharia Industria e Comércio S.A.
463,1109,HIDROLUZ,Hidroluz Centrais Elétricas Ltda.
464,333,HIDROMAB,Hidromab - Hidrologia e Meio Ambiente
465,447,HIDROMEC,Hidromec - Industria e Comércio Ltda.
466,563,HIDROPOWER,Hidropower Energia S.A
467,87,HIDROSERVICE,Engenharia de Projetos Ltda.
468,564,HIDROSSOL,Hidrossol Hidroelétricas Cassol Ltda.
469,281,HIDROTÉCNICA,Hidrotécnica Serviços Técnicos Ltda
470,415,HIDROTEL,Hidrotel Hidrometria e Telemetria Ltda
471,238,HIDROTÉRMICA,Hidrotérmica S.A.
472,468,HOBECO,Hobeco Ltda.
473,239,HORIZONTES,Horizontes Energia S.A.
474,504,HTEXTIL,Horizonte Têxtil Ltda.
475,108,HYDROCONSULT,Hydroconsult - Hidrométrica Comércio e Serviços Ltda.
476,60,IAA,Instituto do Açúcar e do Alcool
477,67,IAPAR,Instituto Agronomo do Paraná
478,822,IAT,Instituto Água e Terra - PR
479,52,IAT-PR,Instituto Água e Terra do Paraná
480,186,IBEMA,Companhia Brasileira de Papel-IBEMA
481,1091,IBICARÉ,Ibicaré Hidrelétrica Ltda.
482,566,IBIRAMA,Ibirama Energética S.A
483,567,IBITURUNA,Ibituruna Hidrelétrica S.A
484,568,IBÓ,Ibó Energética S.A
485,462,IBRAM,Instituto do Meio Ambiente e dos Recursos Hidricos do Distrito Federal
486,25,ICB,Instituto do Cacau da Bahia
487,30,ICOMI,Indústria e Comércio de Minérios
488,907,IDEAM-COLÔMBIA,"Instituto de Hidrologia, Meteorologia y Estudos Ambientales"
489,434,IDEMA-RN,Instituto de Desenvolvimento Sustentável e Meio Ambiente
490,56,IDESP,Instituto de Desenvolvimento Econômico e Social do Pará
491,96,IEMA-ES,Instituto Estadual de Meio Ambiente e Recursos Hidricos - Espirito Santo
492,443,IFM,IFM - Administração e Participação Ltda.
493,498,IG. CAARATINGA,Iguaçu Caaratinga Energia Ltda.
494,101,IGAM-MG,Instituto Mineiro de Gestão das Águas
495,291,IGARN-RN,Instituto de Gestão das Águas do Estado do Rio Grande do Norte
496,343,IGEO/UFRJ,IGEO/UFRJ
497,165,IGUAÇU,Iguaçu Geração de Energia Ltda.
498,336,IGUAÇU MINAS,Iguaçu Minas Energética Ltda.
499,1125,IJUÍ,Ijuí Centenária Geração SPE Ltda.
500,569,IJUI ENERGIA,Ijuí Energia S.A
501,732,ILHA COMPRIDA,Ilha Comprida Energia S.A
502,116,IMASUL-MS,Instituto de Meio Ambiente de Mato Grosso do Sul
503,253,IMBEL,Indústria de Material Bélico do Brasil-IMBEL
504,270,INCAPER,Instituto Capixaba de Pesquisa
505,570,INDAIÁ GRANDE,Indaiá Grande Energia S.A
506,571,INDAIAZINHO,Indaiazinho Energia S.A
507,330,INDIAVAI ENERG,Indiavai Energética  S.A.
508,438,INEA-RJ,Instituto Estadual do Ambiente
509,114,INEMA-BA,Instituto do Meio Ambiente e Recursos Hídricos - BA
510,439,INFOPER,Infoper
511,1140,INGÁ-MIRIM,Ingá-Mirim Energia S.A.
512,5,INMET,Instituto Nacional de Meteorologia
513,127,INPE,Instituto Nacional de Pesquisas Espaciais
514,187,INSAM,Indústrias de Madeiras Santa Maria Ltda.-INSAM
515,276,INTERNATIONAL,International Paper do Brasil
516,1098,INVERNADINHA,Energética Invernadinha Ltda.
517,210,INVESTCO,Investco S.A.
518,770,INXU,Inxú Geradora e Comercializadora de Energia Elétrica S.A.
519,383,IPA-PE,Instituto Agronômico de Pernambuco
520,1183,IPIRA,Ipira Energia SPE Ltda.
521,164,IRANI,Celulose Irani S.A.
522,405,IRARA,Irara Energética S.A
523,572,IRCEL,Irmãos Rodrigues Centrais Elétricas Ltda.-IRCEL
524,40,IRGA,Instituto Riograndense do Arroz
525,313,ISA,Instituto Sócio Ambiental
526,573,ISAMU IKEDA,Isamu Ikeda Energia S.A
527,574,ITAGUAÇU,Itaguaçu Energia S.A
528,90,ITAIPU,Itaipu  Binacional
529,670,ITAIQUARA,Usina Itaiquara de Açúcar  e Álcool S.A
530,203,ITAMARATI,Itamarati Norte S.A - Agropecuária
531,805,ITAOCARA,Usina Hidrelétrica Etaocara S.A.
532,206,ITAPEBI,Itapebi Geração de Energia S.A.
533,694,ITAUNENSE,Companhia Industrial Itaunense
534,1101,ITIQUIRA III,PCH Itiquira III Energia SPE S.A.
535,189,ITISA,Itiquira Energética S.A-ITISA
536,511,ITUMIRIM,Companhia Energética Itumirim
537,724,JAAR,Jaar Quimica S.A
538,1019,JACARÉ,PCH Jacaré S.A.
539,671,JACIARA,Usina Jaciara S.A
540,1112,JAGUARA,Companhia Energética Jaguara
541,136,JAGUARI,Jaguari Energética S.A
542,817,JAMBO,Jambo Energia S.A.
543,814,JARDIM,Hidrelétrica Jardim Ltda
544,812,JARI,Companhia Energética do Jari S.A.
545,1119,JASP,Hidrelétrica Jasp Ltda.
546,404,JATAÍ,Jataí Energética S.A
547,1100,JAURU S.A.,PCH Jauru S.A.
548,726,JAYADITYA,Jayaditya Empreendimentos e Participações Ltda.
549,287,JCTM,JCTM Ltda.
550,372,JELU,Hidrelétrica Jelu LTDA.
551,742,JESUITA,Jesuíta Energia S.A
552,351,JFG,JFG Energia S.A
553,771,JMALUCELLI,J. Malucelli Construtora de Obras S/A
554,1096,JUÍNA,PCH Juína S.A.
555,325,JURUENA,Juruena Energia S.A.
556,577,JURUMIRIM,Jurumirim Energética S.A
557,1124,KINROSS,Kinross Brasil Mineração S.A.
558,43,KLABIN,Klabin S.A
559,565,KUHLEMANN,Hydro Kuhlemann Geração Ltda.
560,317,L&S PAR,L&S PAR LTDA e Alupar Investimento S.A.
561,280,L.D.Q.S.P.E.,L.D.Q.S.P.E. Geração de Energia e Participações Ltda.
562,1137,LACERDÓPOLIS,Lacerdópolis Energia S.A.
563,310,LAFARGE,Lafarge Brasil S.A.
564,192,LAGO AZUL,Lago Azul Ltda.-LASA
565,1016,LAGOA AZUL,Lagoa Azul Energética S.A.
566,578,LAGOAGRANDE,Lagoa Grande Energética S.A
567,1047,LAJARI,Lajari Energética S.A.
568,1023,LAJEADO,Hidroelétrica Lajeado Ltda.
569,1026,LAJES,Lajes Energia S.A.
570,579,LARANJINHA,Laranjinha Energética Ltda.
571,191,LARROSA,Larrosa Construmil
572,672,LAVRINHAS,Usina Paulista Lavrinhas de Energia S.A
573,755,LEÃOBRANCO,Leão Branco Geração de Energia Ltda.
574,221,LIBRAGA,Brandão e Cia Ltda.
575,1120,LIGEIRO,Rio Ligeiro Energia Ltda.
576,8,LIGHT,Light Energia S.A
577,581,LIGHTGER,Lightger S.A
578,1132,LIMPA,Energia Limpa Participações Ltda.
579,736,LINHA APARECIDA,Coogerva Linha Aparecida Energia S.A
580,459,LINHA EMILIA,Linha Emilia Energética S.A.
581,735,LINHA JACINTO,Coogerva Linha Jacinto Energia S.A
582,92,LMRS-PB,"Laboratório de Met., Rec. Hid. e Sensoriamento Remoto da Paraíba"
583,1094,LOMBO,Lombo do Cavalo S.A. Geração Elétrica.
584,582,LUDESA,Ludesa Energética S.A
585,583,LUMBRÁS,Lumbrás Energética S.A
586,348,LUZBOA,Luzboa S.A
587,425,M. SERRAT,Monte Serrat Energética S.A
588,748,MACAÚBAS,Macaúbas Energia Renovável Ltda
589,193,MAFRAS,Mafras Energia Ltda.
590,1145,MAFRÁS ENERGIA,Mafrás Energia e Reflorestamento Ltda.
591,224,MAGGI,Maggi Energia S.A.
592,267,MAGNA,Magna Engenharia Ltda.
593,555,MALAGONE,Hidrelétrica Malagone S.A
594,705,MALUCELLI,J. Malucelli Energia S.A
595,126,MANASA,Madeireira Nacional S/A
596,585,MANGUEIRA,Mangueira Pedra Energia Ltda.
597,1104,MANSO,Ribeirão Manso Energética Ltda.
598,1090,MANTOVILIS,PCH Mantovilis S.A.
599,1087,MANUEL ALVES,Central Geradora Hidrelétrica Manuel Alves Ltda.
600,586,MARACANÃ,Maracanã Energética S.A
601,587,MARCOL,Madeireira Rio Colorado Ltda.-MARCOL
602,252,MARINGÁ,Maringá S.A. Cimento e Ferro-Liga
603,1181,MAROMBAS I,Hidrelétrica Marombas I SPE Ltda.
604,1182,MAROMBAS II,Hidrelétrica Marombas II SPE Ltda.
605,743,MATA VELHA,Mata Velha Energética S.A
606,460,MAUÊ,Mauê S.A - Geradora e Fornecedora de Insumos
607,1086,MAUÉS,Maués S.A.
608,1033,MAYNART,Maynart Energética Ltda.
609,1129,MAZP,Energias Renováveis Mazp Ltda
610,1147,MÉDIO GARCIA,Médio Garcia Hidrelétrica S.A.
611,706,MEGA ENERGIA,Mega Energia Investimentos e Participações Ltda.
612,749,MF PROJETOS,MF Projetos em Energia Ltda
613,560,MINÉ,Hidroelétrica Cachoeira do Miné S.A
614,1113,MIRANDA,Companhia Energética Miranda
615,464,MIRIM,Rio Sapucaí Mirim Energia Ltda.
616,589,MIZU,Mizu S.A
617,1165,MLJ,MLJ Energias Renováveis Ltda
618,734,MOHINI,Mohini Empreendimentos e Participações
619,590,MOINHO,Moinho S.A
620,429,MONEL,Monel Monjolinho Energética S.A
621,1173,MONEX,Monex Geração de Energia S.A.
622,241,MONTE AZUL,Monte Azul Empreendimentos Imobiliários e Geração de Energia Ltda.
623,496,MORRINHOS,Morrinhos Geração e Comércio de Energia Elétrica Ltda.
624,366,MORRO GRANDE,Hidrelétrica Morro Grande Ltda.
625,70,MORRO VELHO,Mineração Morro Velho S.A.
626,1066,MOURÃO,Enel Green Power Mourão S.A.
627,171,MRN,Mineração Rio do Norte
628,591,MUCURI,Mucuri Energética S.A
629,592,MULTIFASE,Multifase Centrais de Energia do Brasil Ltda.
630,593,MURTA,Murta Energética S.A
631,345,MUXFELDT,Muxfeldt Marin e Cia.
632,111,NATURATINS,Instituto Natureza do Tocantins
633,412,NEOINVEST,Neoinvest Investimentos S.A.
634,721,NHANDU,Usina Elétrica do Nhandu S.A
635,356,NICKEL,Companhia Nickel do Brasil
636,594,NORTE ENERGIA,Norte Energia S.A
637,545,NOVA FÁTIMA,Geradora de Energia Nova Fátima S.A
638,707,NOVA JUBA,Nova Juba Energética e Participações S.A
639,1085,NOVACASA,Novacasa Geração de Energia SPE Ltda
640,142,NOVELIS,Novelis do Brasil Ltda.
641,773,NOVO MUNDO,Novo Mundo Energética S.A
642,1038,OIAPOQUE,Oiapoque Energia S.A.
643,595,OLVEPAR,Olvepar S.A Indústria e Comércio
644,328,OMBREIRAS,Ombreiras Energética S.A.
645,357,OMEGA,Omega Energia Renovável S.A
646,406,ONIX,Ônix Geração de Energia S.A
647,596,OPM,OPM Empreendimentos S.A
648,584,OSWALDO,Oswaldo Vicintin PCH Ltda
649,597,OURO,Ouro Energética S.A
650,1134,OURO BRANCO,Central Hidrelétrica Ouro Branco Ltda.
651,99,OUTRAS,
652,1179,PACÍFICO,Pacífico Mascarenhas Energética Ltda.
653,680,PAINEL,Painel Energética S/A
654,1141,PALMEIRAS,Central Hidrelétrica Palmeiras do Tocantins Ltda.
655,335,PAMPEANA,Pampeana Energética S.A.
656,217,PANAMBI,Hidroelétrica Panambi S.A.
657,466,PANTANAL,Pantanal Energética Ltda.
658,1042,PAPELÃO,Papelão Apucaraninha Ltda.
659,576,PAPER,Internacional Paper do Brasil Ltda.
660,199,Pará de Minas,Prefeitura Pará de Minas
661,598,PARACATU,Paracatu Energia S.A
662,903,PARAGUAI,Paraguai
663,1149,PARAÍSO,Hidrelétrica Paraíso SPE Ltda.
664,744,PARANÁ,Paraná Geração de Energia S.A
665,131,PARANAPANEMA,Rio Paranapanema Energia S.A
666,419,PARANATINGA,Paranatinga Energia S.A
667,562,PARDOS,Hidroelétrica Pardos S.A.
668,599,PARECIS,Parecis Energia S.A
669,816,PAREDÃO,Paredão de Minas S.A
670,600,PASSO FERRAZ,Passo Ferraz Energia S.A
671,601,PASSOS MAIA,Passos Maia Energética S.A
672,1075,PAULISTA,Paulista Geradora de Energia Ltda.
673,355,PCE,PCE Projetos e Consultorias e Engenharia Ltda
674,521,PCH AGUTI,COTESA Geradora de Energia - PCH Aguti Ltda.
675,1106,PCH BELEZA,Energética PCH Beleza Ltda.
676,1064,PCH BVII,PCH BVII - Geração de Energia Ltda
677,306,PCH FIGUEIRA,Consórcio PCH Figueira
678,522,PCH NOVA TRENTO,COTESA Geradora de Energia - PCH Nova Trento Ltda.
679,400,PCH TS S.A.,Pequena Central Hidrelétrica TS S.A.
680,524,PCH VALENTIN,COTESA Geradora de Energia - PCH São Valentin Ltda.
681,544,PCHSANTAROSA,PCH Santa Rosa S.A.
682,602,PEDRA FURADA,Pedra Furada Energia S.A
683,556,PEQUI,Hidrelétrica Pequi S.A
684,604,PERDIZES,Perdizes  Energética Ltda.
685,709,PERFORMANCE,PCH Performance Centrais Hidrelétricas Ltda.
686,242,PESQUEIRO,Pesqueiro Energia S.A.
687,605,PETROBRÁS,Petróleo Brasileiro S.A-PETROBRÁS
688,775,PEZZI,Pezzi Energética S.A
689,1015,PHOENIX,Phoenix Geração de Energia S.A.
690,1105,PIARUCUM,Piarucum Energia Ltda.
691,606,PIEDADE,Piedade Usina Geradora de Energia S.A
692,374,PINHAL,Pinhal Geradora de Energia S.A.
693,557,PIPOCA,Hidrelétrica Pipoca S.A
694,607,PIRACICABA,Piracicaba Geradora de Energia Ltda.
695,243,PIRAPAMA,Companhia Industrial Pirapama
696,608,PIRAPETINGA,Pirapetinga Hidrelétrica S.A
697,776,PIRAPORA,Pirapora Energia S.A
698,78,PLANALSUCAR,Programa Nacional de Melhoramento da Cana-de-Açúcar
699,609,PLANALTO,Planalto Energética S.A.
700,740,POÇO FUNDO,Poço Fundo Energia S.A
701,1178,POLIFERTIL,Polifertil Energia Eireli
702,316,PONTE ALTA,Energética Ponte Alta S.A
703,244,PONTE DE PEDRA,Ponte de Pedra Energética S.A.
704,1054,PONTE SERRADA,Ponte Serrada Geração de Energia S.A.
705,174,PORTLAND ITAÚ,Companhia Cimento Portland Itaú
706,1148,PORTO,Porto Energética Ltda.
707,611,PORTO FRANCO,Porto Franco Energética S.A
708,273,POUSO ALTO,Pouso Alto Energia S.A.
709,1107,POWERPROJETOS I,Enel Green Power Projetos I S.A.
710,12,PRADA,Cia Prada de Eletricidade
711,1153,PRADO,Antônio Prado Energia S.A.
712,722,PRATA,Usina Elétrica do Prata Ltda.
713,268,PRCPI,Produtividade Rural Comércio de Peças de Irrigação Ltda.
714,515,PREART,Construtora Preart Ltda.
715,754,PRIMAVERA,Primavera Energia S.A
716,207,PRIMO TEDESCO,Fabrica de Papel Primo Tedesco S.A.
717,358,PROMEL,Promel Ltda.
718,353,PROPOWER,Propower Geradora de Energia Ltda.
719,1072,PULO,Hidrelétrica Pulo Ltda.
720,470,QUANTA,Quanta Geração S.A.
721,738,QUARTEL DOIS,Quartel Dois Energética S.A
722,739,QUARTEL TRES,Quartel Três Energética S.A
723,737,QUARTEL UM,Quartel Um Energética S.A.
724,710,QUATIARA,Quatiara Energia S.A
725,209,QUEIROS GALVÃO,Queiros Galvão Elétrica S.A.
726,613,QUEIXADA,Queixada Energética S.A
727,673,QUELUZ,Usina Paulista Queluz de Energia S.A
728,506,QUEVEDOS,Quevedos Energética S/A
729,711,RBF GERAÇÃO,RBF Geração de Energia S.A
730,474,RBO,RBO Energia S.A
731,1081,RECANTO,Recanto Energética SPE S.A.
732,200,RECIMAP,Recimap Industria e Comércio Ltda.
733,953,RENOVA,Fundação Renova
734,502,RENOVÁVEIS,CPFL Energias Renováveis S.A.
735,1074,RETIRO,Bom Retiro Energia Ltda.
736,614,RETIRO BAIXO,Retiro Baixo Energética S.A
737,394,RETIRO CHALÉ,Condomínio  Retiro do chalé
738,407,RETIRO VELHO,Retiro Velho Energética S.A
739,47,RFFSA,Rede Ferroviária Federal S.A.
740,195,RGE,RGE - Rio Grande Energia
741,314,RIACHÃO,Riachão Energética S.A.
742,615,RIACHO PRETO,Riacho Preto Energética S.A
743,751,RIALMA I,Centrais Elétricas Rio das Almas S.A-RIALMA
744,753,RIALMA II,Rialma Companhia Energética II S.A
745,752,RIALMA III,Rialma Companhia Energética III S.A
746,296,RIALMA IV,Rialma Companhia Energética IV S/A
747,777,RIALMA V,Rialma Companhia Energética  V S.A
748,414,RIGESA,"Rigesa - Celulose, Papel e Embalagens Ltda."
749,1031,RINCÃO,Rincão Energia S.A.
750,436,RINCÃO ALBINOS,Rincão dos Albinos Energética S/A
751,501,RINCÃOSÃOMIGUEL,Rincão São Miguel Energética S/A
752,433,RIO AGUA CLARA,Rio água Clara Energia S.A.
753,712,RIO BONITO,Rio Bonito Energia Ltda.
754,255,RIO BRANCO,Cimento Rio Branco S.A.
755,616,RIO CANOAS,Rio Canoas Energia S.A
756,1176,RIO CLARO,Hidrelétrica Rio Claro Ltda
757,461,RIO CLARO,Foz do Rio Claro Energia S.A.
758,617,RIO CORRENTE,Rio Corrente S.A
759,692,RIO DAS FLORES,Companhia Energética Rio das Flores S.A
760,1142,RIO DAS PEDRAS,Energética Rio das Pedras SPE Ltda.
761,603,RIO DO BRAÇO,Pequena Central Hidrelétrica Rio do Braço S.A
762,274,RIO DO SANGUE,Rio do Sangue Energia S.A.
763,1035,RIO DO SAPO,SPE Rio do Sapo Energia S.A
764,687,RIO ENGANADO,Hidrelétrica Rio Enganado Ltda.
765,546,RIO FORTUNA,Geradora de Energia Rio Fortuna S.A
766,619,RIO GLÓRIA,Rio Glória Energética S.A
767,376,RIO JORDÃO,Rio Jordão Papéis S.A.
768,727,RIO MANHUAÇU,Rio Manhuaçu Energética S.A
769,1062,RIO PARANÁ,Rio Paraná Energia S.A.
770,713,RIO PCH,Rio PCH I S.A
771,257,RIO PEDRINHO,Energética Rio Pedrinho S.A.
772,714,RIO POMBA,Rio Pomba Energética S.A
773,240,RIO SÃO MARCOS,Hidrelétrica Rio São Marcos Ltda.
774,715,RIO SIRINHAÉM,Rio Sirinhaém Energia Ltda.
775,469,RIO SUCURIÚ,Rio Sucuriú Energia S.A.
776,491,RIO TIGRE,Centrais Elétricas Rio Tigre S.A
777,1111,RIO TURVO,Rio Turvo Energética SPE S/A
778,373,RIO VITORINO,Hidrelétrica Rio Vitorino LTDA.
779,697,RIOGRANDE,Geração Hidroelétrica Rio Grande S.A.
780,452,RIOVERDE SALTO,Rio Verde Energia S.A - UHE Salto
781,666,RIOVERMELHO,Usina Rio Vermelho de Energia Ltda.
782,1171,RODEIO,Rodeio Energética S.A.
783,620,RODEIO BONITO,Rodeio Bonito Hidrelétrica S.A
784,621,RONDINHA ENERG.,Rondinha Energética S.A
785,622,RONDINHA GERAD.,Rondinha Geradora de Energia Ltda.
786,623,RONDON,Rondon Energia S.A
787,1099,ROSA ENERGIA,Santa Rosa Energia e Participações S.A.
788,245,ROSAL,Rosal Energia S.A.
789,558,ROSSI,Hidrelétrica Rossi Ltda.
790,272,ROVENA,Rovena - Veículos e Máquinas Ltda.
791,490,RPEE,Companhia RPee Energia
792,118,RTK,RTK Engenharia
793,778,RVERDE-QUEBRADA,Rio Verde Energia S.A - Canoa Quebrada
794,624,SÁ CARVALHO,Sá Carvalho S.A
795,48,SAA-SP,Secretaria de  Estado da Agricultura e Abastecimento de São Paulo
796,38,SABA,Secretaria da Agricultura da Bahia
797,71,SABESP,Companhia de Saneamento Básico do Estado de São Paulo-SABESP
798,324,SAJESA,Salto Jauru Energética S.A-SAJESA
799,256,SALTO DO LOBO,Companhia Energética Salto do Lobo Ltda.
800,1067,SALTO GRANDE,CEMIG Geração Salto Grande S.A.
801,796,SALTO NATAL,Energética Salto Natal S.A.
802,625,SALTO NUVENS,Salto das Nuvens Investimentos e Participações Ltda.
803,465,SALTODASFLORES,Central Hidrelétrica Salto das Flores S.A
804,196,SAMARCO,Samarco Mineração S.A.
805,27,SANBRA,Sociedade Algodoeira do Nordeste do Brasil
806,379,SANEATINS,Companhia de Saneamento do Tocantins
807,98,SANEPAR,Cia de Saneamento do Paraná
808,626,SANTA ANA,Santa Ana Energética S/A
809,1082,SANTA BRANCA,Hidrelétrica Santa Branca S.A.
810,627,SANTA CLARA,Santa Clara Indústria de Cartões Ltda.
811,416,SANTA CRUZ,Santa Cruz Geração de Energia S.A
812,397,SANTA FÉ,Santa Fé Energia S.A
813,628,SANTA GABRIELA,Santa Gabriela Energética S.A
814,630,SANTA LAURA,Santa Laura S.A
815,716,SANTA MARIA,Santa Maria Companhia Papel e Celulose
816,432,SANTA PAULA,Santa Paula Energia Ltda
817,632,SANTA ROSA,Santa Rosa S.A
818,815,SANTAFÉ,Santa Fé Energética Ltda.
819,1158,SANTANA,Foz do Santana Geração de Energia S.A.
820,1159,SANTANA,Santana Energética Ltda
821,246,SANTANENSE,Companhia Tecidos Santanense
822,631,SANTAROSA-1,Santa Rosa Energética S.A
823,354,SANTO ANTÔNIO,Santo Antônio Energia S.A
824,1172,SÃO CARLOS,São Carlos Energia Ltda
825,453,SÃO GERALDO,São Geraldo Energética S/A
826,1079,SÃO JOÃO II,Hidrelétrica São João II SPE Ltda
827,308,SÃO JOAQUIM,São Joaquim Energia S.A
828,1077,SÃO LUIZ,São Luiz Energia S.A.
829,1063,SÃO LUIZ,São Luiz Energética S.A.
830,1008,SÃO MANOEL,Empresa de Energia São Manoel S.A.
831,435,SÃO MARCOS,Hidrelétrica São Marcos
832,547,SÃO MAURICIO,Geradora de Energia São Maurício S.A
833,1150,SÃO PATRÍCIO,Companhia São Patrício de Geração e Transmissão de Energia Elétrica - CSPG&T
834,633,SÃO PAULO,São Paulo Energética S.A .
835,424,SÃO PEDRO,São Pedro Energia S.A
836,377,SÃO ROQUE,São Roque Energética S.A
837,781,SÃO SEBASTIÃO,São Sebastião Empreendimentos S.A
838,319,SÃO SIMÃO,São Simão Energia S.A
839,634,SÃO TADEU,São Tadeu Energética S.A
840,635,SAPEEL,Sociedade Amapaense de Produção de Energia Elétrica Ltda.-SAPEEL
841,636,SAPEZAL,Sapezal Energia S.A
842,1122,SARGENTO,Rio Sargento Energia S.A.
843,1014,SAVANA,Savana Geração de Energia S.A.
844,24,SCHLEMN,Cia Alexandre Schlemn
845,779,SCRUZ- POWER,Santa Cruz Power Corporation Usinas Hidroelétricas S.A
846,1169,SDE-SC,Secretaria de Estado do Desenvolvimento Econômico Sustentável
847,102,SDM-DF,Secretaria de Estado de Desenvolvimento Urbano e Meio Ambiente
848,1002,SEBAST ENERGIA,São Sebastião Energia Ltda.
849,1083,SECRETÁRIO,Secretário Energia S.A.
850,914,SECTEC-GO,Secretaria de Ciência e Ecnologia do estado de Goiás
851,115,SEDAM-RO,Secretaria de Estado do Desenvolvimento Ambiental - RO
852,745,SEGREDO,Segredo Energia S.A
853,275,SEIVA,SEIVA Engenharia e Projetos Ambientais Ltda.
854,282,SEIVAL,SEIVAL Usina Termelétrica Ltda
855,380,SEMA-AC,Secretaria de Meio Ambiente do Estado do Acre
856,105,SEMA-AP,Secretaria de Meio Ambiente do Estado do Amapá
857,391,SEMA-MA,Secretaria de Estado de Meio Ambiente e Recursos Naturais - Maranhão
858,386,SEMA-MS,Secretaria de Meio Ambiente do Estado do Mato Grosso do Sul
859,91,SEMA-MT,Secretaria de Meio Ambiente do Estado do Mato Grosso
860,266,SEMA-RS,Secretaria de Meio Ambiente do Estado do Rio Grande do Sul
861,388,SEMACE-CE,Superintendência Estadual do Meio Ambiente
862,120,SEMAD-GO,Secretaria do Meio Ambiente e Recursos Hídricos - GO
863,390,SEMADES-TO,Secretaria do Meio Ambiente e Desenvolvimento Sustentável - TO
864,121,SEMARH-AL,Secretaria do Meio Ambiente e  Recursos Hídricos - AL
865,283,SEMARH-PI,Secretaria do Meio Ambiente e Recursos Hídricos - PI
866,378,SEMARH-RN,Secretaria do Meio Ambiente e Recursos Hídricos - RN
867,258,SEMARH-TO,Secretaria do Meio Ambiente e Recursos Hídricos - TO
868,403,SEMAS-PA,Secretaria do Meio Ambiente e Sustentabilidade do Estado do Pará
869,251,SEMESA,Semesa S.A.
870,906,SENAMHI-PERU,Servicio Nacional de Meteorologia e Hidrologia del Perú
871,262,SENGES,Senges Papel e Celulose Ltda.
872,1021,SENHORA,PCH Senhora do Porto S.A.
873,1073,SENS,Hidrelétrica Sens Ltda.
874,175,SERHMA-SE,Secretaria do Meio Ambiente e Recursos Hídricos - SE
875,76,SERLA-RJ,Superintendência Estadual de Rios e Lagoas do Rio de Janeiro
876,1180,SERRA,Serra Negra Energia S.A.
877,334,SERRA DO FACÃO,Serra do Facão Energia S.A.
878,667,SERRA GRANDE,Usina Serra Grande S.A
879,323,SERRA NEGRA,Serra Negra Energética S.A.
880,457,SERRANA,Serrana Energética S.A.
881,554,SERRAVELHA,Hidrelétrica Serra Velha Ltda.
882,952,SERVENG,Serveng Civilsan S.A. - Empresas Associadas de Engenharia
883,780,SF ENERGÉTICA,Santa Fé Energética S.A
884,411,SF PRODUÇÃO,SF Produção de Energia Elétrica Ltda.
885,418,SHM,"SHM - Sistemas Hídricos, Medição e Controle Ltda."
886,1057,SIGMA,Sigma Energia S.A.
887,1157,SILVEIRA III,Silveira III Energética S.A.
888,1115,SIMÃO,UHE São Simão Energia S.A.
889,124,SIMEHGO,Sistema de Meteorologia e Hidrologia do Estado de Goiás
890,93,SIMEPAR,Sistema Meteorológico do Paraná
891,1017,SINOP,Companhia Energética Sinop S.A.
892,1146,SIRIVERA,Central Hidrelétrica Sirivera Ltda.
893,109,SNIRH-MA,Sistema Nacional de Informações sobre Recursos Hídricos - Maranhão
894,640,SOCIBE,Socibe Energia S.A
895,1121,SOCIEDADE,Sociedade Urbano Cerbranorte - Geração de Energia Elétrica SPE Ltda.
896,641,SOPAVE,Sopave Norte S.A Mercantil Rural
897,51,SOPRS,Secretaria de Obras Públicas e Saneamento do Estado do Rio Grande do Sul
898,29,SOUZA CRUZ,Cia de Cigarros Souza Cruz Indústria e Comércio Ltda.
899,650,SPE ÁGUIA,SPE Ninho da Águia Energia S.A
900,642,SPE AIURUOCA,SPE Aiuruoca Energia S.A
901,782,SPE ALTO GARCIA,SPE Alto Garcia Energética S.A.
902,643,SPE ALTO IRANI,SPE Alto Irani Energia S.A
903,454,SPE ARVOREDO,SPE Arvoredo Energia S.A
904,644,SPE BAHIA,SPE Bahia PCH I S.A
905,648,SPE COCAIS,SPE Cocais Grande Energia S.A
906,649,SPE CORR.GRANDE,SPE Corrente Grande Energia S.A
907,463,SPE CRAVARI,SPE Cravari Geração de Energia S.A
908,395,SPE CRISTINA,SPE Cristina Energia S.A.
909,655,SPE GONÇALO,SPE São Gonçalo Energia S.A
910,646,SPE GRANDE I,SPE Cachoeira Grande Energia S.A
911,647,SPE GRANDE II,SPE Cachoeira Grande II Energia S.A
912,717,SPE GUANHÃES,SPE Guanhães Energia S.A
913,645,SPE PACIÊNCIA,SPE Barra da Paciência Energia S.A
914,455,SPE PAIOL,SPE Paiol Energia S.A
915,718,SPE PEIXE,SPE Peixe Energia S.A
916,651,SPE PLANO ALTO,SPE Plano Alto Energia S.A
917,652,SPE SALTO GOES,SPE Salto Góes Energia S.A
918,653,SPE SANTA CRUZ,SPE Santa Cruz Energia S.A
919,654,SPE SANTA LUZIA,SPE Santa Luzia Energética S.A
920,532,SPE SAUDADES,SPE Energética Saudades S.A
921,664,SPE TURVO,SPE Turvo Energia S.A
922,657,SPE V. ALEGRE,SPE Várzea Alegre Energia S.A
923,656,SPE VARGINHA,SPE Varginha Energia S.A
924,618,SPVR,S.P.V.R. Geração e Comercialização de Energia Elétrica Ltda.
925,381,SRHE-PE,Secretaria de Recursos Hídricos e Energéticos - PE
926,423,ST HIDRO,ST Hidro Ltda.
927,629,STAHELENALTDA,Santa Helena Energia Ltda.
928,1012,STAHELENASA,Santa Helena Energia S.A
929,818,STAHELENAYPE,Santa Helena Energia S.A.
930,1059,STATKRAFT,Statkraft Energias Renováveis S.A.
931,45,STEVENSON,F. Stevenson e Companhia
932,767,SUCUPIRA,Hidrelétrica Sucupira S.A
933,1144,SUCURI,Central Hidrelétrica Sucuri Ltda.
934,64,SUDAM,Superintendência do Desenvolvimento da Amazônia
935,11,SUDENE,Superintendência do Desenvolvimento do Nordeste
936,1114,SUDOESTE,Sudoeste Energia Ltda.
937,1093,SUL ENERGIA,Brasil Sul Energia S.A.
938,17,SUL PAULISTA,Empresa de Eletricidade Sul Paulista S.A.
939,247,SULGIPE,Companhia Sul Sergipana de Eletricidade
940,911,SURINAME,Suriname
941,1123,SZO,SZO Empreendimentos Ltda.
942,588,TABOCA,Mineração Taboca S.A
943,1164,TAGUÁ,Taguá Energia Ltda
944,277,TAIRETÁ,Tairetá Eletricidade Ltda.
945,719,TAMANDUÁ,Tamanduá Energia S.A
946,658,TAMBAÚ,Tambaú Energética S.A
947,1027,TAMBORIL,Tamboril Energética S.A.
948,449,TANGARÁ,Tangará Energética S.A.
949,783,TAPIRAPUAN,Tapirapuan S.A Indústria e Comércio
950,271,TATUÍ,Companhia Energética Tatuí Ltda
951,248,TECEL.SÃO PEDRO,Tecelagem São Pedro
952,161,TECIDOS CEDRO,Companhia Fiação Tecidos Cedro Cachoeira
953,659,TECNOVOLT,Tecnovolt Centrais Elétricas S.A
954,660,TELEGRÁFICA,Telegráfica Energia S.A
955,750,TELES PIRES,Companhia Hidrelétrica Teles Pires
956,1053,TIBAGI,Tibagi Energia SPE S.A.
957,661,TIGRE,Tigre Produção de Energia Elétrica Ltda.
958,1024,TIJOÁ,Tijoa Participações e Investimentos S.A.
959,365,TOCANTINS,Tocantins Energética S.A.
960,1041,TOUROS IV,Touros IV Energética S.A.
961,1161,TRANSLEAD,Translead Empreendimentos e Incorporações Ltda.
962,198,TRAPICHE,Usina Trapiche S.A.
963,1030,TRÊS LEÕES,Três Leões Participações S.A.
964,1068,TRÊS MARIAS,CEMIG Geração Três Marias S.A.
965,197,TROMBINE,Trombine Papel e Embalagens S.A.
966,662,TUDELÂNDIA,Tudelândia Central Elétrica S.A
967,663,TUPAN,Tupan Energia Elétrica Ltda.
968,347,UERJ/UFF,UERJ/UFF
969,413,UFAC,Universidade Federal do Estado do Acre
970,125,UFAM,Universidade Federal do Estado do Amazonas
971,140,UFBA,Universidade Federal da Bahia
972,202,UFC,UFC Engenharia
973,269,UFPA,Universidade Federal do Pará
974,249,UFRP,Universidade Federal Rural de Pernambuco
975,128,UFSM,Universidade  Federal de Santa Maria - RS
976,295,UHRGL,Usina Hidrelétrica Rio Grande Ltda
977,665,UNAI BAIXO,Unaí Baixo Energética S.A
978,250,UNB,Universidade de Brasília
979,177,UNICAMP,Universidade de Campinas
980,421,UNITINS,Fundação Universidade do Tocantins
981,1003,URBANO,Urbano Agroindustrial Ltda.
982,41,USIBA,Usina Siderurgica da Bahia
983,668,USINACACHOEIRA,Usina Hidrelétrica Cachoeira Ltda.
984,669,USINACUBATÃO,Usina Hidrelétrica Cubatão S.A
985,674,USINAUNIÃO,Usina União e Indústria S.A
986,1167,VALE,Vale do Cavernoso Geração de Energia Ltda
987,81,VALE,Vale S.A.
988,228,VALE-ITV,Instituto Tecnológico Vale - ITV
989,1136,VALENTIM,São Valentim Geração de Energia S.A.
990,580,VALLE,Valle Sul Energia S.A.
991,1162,VARGEÃO,Geradora de Energia Vargeão Ltda
992,327,VARZEA DO JUBA,Várzea do Juba Energética S.A.
993,402,VÊNETO,Vêneto Energética S.A.
994,909,VENEZUELA,Venezuela
995,385,VERACRUZ,Soluções Geofísicas e Geológicas
996,1025,VERDE 02,Verde 02 Energética Ltda.
997,1034,VERDE 08,Verde 08 Energia S.A.
998,1022,VIBRAL,Construtora Vibral Ltda.
999,214,VISTA,Bela Vista Geração de Energia S.A.
1000,134,VITERBO,Viterbo Machado Luz Mineração Ltda.
1001,1050,VORTEX,Vortex Energia Ltda.
1002,675,VOTORCIM I,Votorantim Cimentos  N/NE S.A
1003,725,VOTORCIM II,Votorantim Cimentos S.A
1004,639,VOTORSIDERURGIA,Votorantim Siderurgia S.A.
1005,676,XAVANTINA,Xavantina Energética S.A
1006,691,XXXXXX,
1007,1152,ZARWAL,Zarwal de Participação Ltda.
1008,741,ZÉ TUNIN,Zé Tunin S.A
1009,677,ZIHUATANEJO,Zihuatanejo do Brasil Açúcar e Álcool Ltda.
1010,723,ZONA DA MATA,Zona da Mata Geração S.A
