RegistroID,Importado,Temporario,Removido,ImportadoRepetido,Codigo,Sigla,Nome,DataIns,DataAlt,RespAlt
19583,0,0,0,0,1,ANA,Agência Nacional de Águas,10/07/2020,,6
19584,0,0,0,0,2,DNOS,Departamento Nacional de Obras de Saneamento,10/07/2020,,6
19585,0,0,0,0,3,DNIT,Departamento Nacional de Infra-Estrutura de Transportes,10/07/2020,,6
19586,0,0,0,0,4,CODEVASF,Cia de Desenvolvimento dos Vales do São Francisco e Parnaiba,10/07/2020,,6
19587,0,0,0,0,5,INMET,Instituto Nacional de Meteorologia,10/07/2020,,6
19588,0,0,0,0,6,CESP,Companhia Energética de São Paulo-CESP,10/07/2020,,6
19589,0,0,0,0,7,CEEE,Companhia Estadual de Geração e Transmissão de Energia Elétrica-CEEE,10/07/2020,,6
19590,0,0,0,0,8,LIGHT,Light Energia S.A,10/07/2020,,6
19591,0,0,0,0,9,FUNCEME-CE,Fundação Cearense de Meteorologia e Recursos Hídricos,10/07/2020,,6
19592,0,0,0,0,10,DAEE-SP,Departamento de Águas e Energia Elétrica do Estado de São Paulo,10/07/2020,,6
19593,0,0,0,0,11,SUDENE,Superintendência do Desenvolvimento do Nordeste,10/07/2020,,6
19594,0,0,0,0,12,PRADA,Cia Prada de Eletricidade,10/07/2020,,6
19595,0,0,0,0,13,CEMAT,Centrais Elétricas Matogrossenses S.A.,10/07/2020,,6
19596,0,0,0,0,14,EFMM,Estrada de Ferro Madeira-Mamoré,10/07/2020,,6
19597,0,0,0,0,15,CELESC,Celesc Geração S.A,10/07/2020,,6
19598,0,0,0,0,16,EEVP,Empresa de Eletricidade Vale do Paranapanema S.A.,10/07/2020,,6
19599,0,0,0,0,17,SUL PAULISTA,Empresa de Eletricidade Sul Paulista S.A.,10/07/2020,,6
19600,0,0,0,0,18,CEA,Cia de Eletricidade do Amapá,10/07/2020,,6
19601,0,0,0,0,19,CELPA,Centrais Elétricas do Pará  S.A.,10/07/2020,,6
19602,0,0,0,0,20,ALUMINAS,Alumínio Minas Gerais S.A.,10/07/2020,,6
19603,0,0,0,0,21,EFVM,Estrada de Ferro Vitória-Minas,10/07/2020,,6
19604,0,0,0,0,22,CBCC,Cia Brasileira de Carbureto de Cálcio,10/07/2020,,6
19605,0,0,0,0,23,CEMIG,CEMIG Geração e Transmissão S.A,10/07/2020,,6
19606,0,0,0,0,24,SCHLEMN,Cia Alexandre Schlemn,10/07/2020,,6
19607,0,0,0,0,25,ICB,Instituto do Cacau da Bahia,10/07/2020,,6
19608,0,0,0,0,26,EESC,Escola de Engenharia de São Carlos,10/07/2020,,6
19609,0,0,0,0,27,SANBRA,Sociedade Algodoeira do Nordeste do Brasil,10/07/2020,,6
19610,0,0,0,0,28,COPEL,Copel Geração e Transmissão S.A,10/07/2020,,6
19611,0,0,0,0,29,SOUZA CRUZ,Cia de Cigarros Souza Cruz Indústria e Comércio Ltda.,10/07/2020,,6
19612,0,0,0,0,30,ICOMI,Indústria e Comércio de Minérios,10/07/2020,,6
19613,0,0,0,0,31,ACCO,Anderson Clayton e Cia Ltda.,10/07/2020,,6
19614,0,0,0,0,32,CMNP,Cia de Melhoramento Norte do Paraná,10/07/2020,,6
19615,0,0,0,0,33,CTNP,Cia de Terras Norte do Paraná,10/07/2020,,6
19616,0,0,0,0,34,CEMAR,Companhia Energética do Maranhão S.A.,10/07/2020,,6
19617,0,0,0,0,35,FABA,Fomento Agrícola da Bahia,10/07/2020,,6
19618,0,0,0,0,36,CPFL-FERROLIGAS,Cia Paulista de Ferro Ligas,10/07/2020,,6
19619,0,0,0,0,37,COELBA,Cia de Eletricidade do Estado da Bahia,10/07/2020,,6
19620,0,0,0,0,38,SABA,Secretaria da Agricultura da Bahia,10/07/2020,,6
19621,0,0,0,0,39,FASE,Fomento Agrícola de Sergipe,10/07/2020,,6
19622,0,0,0,0,40,IRGA,Instituto Riograndense do Arroz,10/07/2020,,6
19623,0,0,0,0,41,USIBA,Usina Siderurgica da Bahia,10/07/2020,,6
19624,0,0,0,0,42,EMBRAPA/IPAGRO,Empresa Brasileira de Pesquisa Agropecuária,10/07/2020,,6
19625,0,0,0,0,43,KLABIN,Klabin S.A,10/07/2020,,6
19626,0,0,0,0,44,CONTUR,Contur Energética,10/07/2020,,6
19627,0,0,0,0,45,STEVENSON,F. Stevenson e Companhia,10/07/2020,,6
19628,0,0,0,0,46,DER-SP,Departamento de Estrada de Rodagem do Estado de São Paulo,10/07/2020,,6
19629,0,0,0,0,47,RFFSA,Rede Ferroviária Federal S.A.,10/07/2020,,6
19630,0,0,0,0,48,SAA-SP,Secretaria de  Estado da Agricultura e Abastecimento de São Paulo,10/07/2020,,6
19631,0,0,0,0,49,CEESC,Comissão de Energia Elétrica de Santa Catarina,10/07/2020,,6
19632,0,0,0,0,50,FEPASA,Ferrovia Paulista S.A.,10/07/2020,,6
19633,0,0,0,0,51,SOPRS,Secretaria de Obras Públicas e Saneamento do Estado do Rio Grande do Sul,10/07/2020,,6
19634,0,0,0,0,52,AGUASPARANÁ,Instituto das Águas do Paraná (antiga SUDERHSA),10/07/2020,,6
19635,0,0,0,0,53,CIA,Centro Industrial de Aratú,10/07/2020,,6
19636,0,0,0,0,54,COPASA-MG,Cia de Saneamento de Minas Gerais,10/07/2020,,6
19637,0,0,0,0,55,ELETROBRÁS,Centrais Elétricas Brasileiras S.A.,10/07/2020,,6
19638,0,0,0,0,56,IDESP,Instituto de Desenvolvimento Econômico e Social do Pará,10/07/2020,,6
19639,0,0,0,0,57,DEPV,Diretoria de Eletrônica e Proteção ao Voo do Ministério da Aeronáutica,10/07/2020,,6
19640,0,0,0,0,58,DNOCS,Departamento Nacional de Obras Contra as Secas,10/07/2020,,6
19641,0,0,0,0,59,FEEMA,Fundação Estadual de Engenharia do Meio Ambiente - RJ,10/07/2020,,6
19642,0,0,0,0,60,IAA,Instituto do Açúcar e do Alcool,10/07/2020,,6
19643,0,0,0,0,61,CHM,Comando de Hidrografia e Navegação do Ministério da Marinha,10/07/2020,,6
19644,0,0,0,0,62,CEPLAC,Comissão Executiva do Plano de Recuperação Economica-Social da Lavoura Cacaueira,10/07/2020,,6
19645,0,0,0,0,63,CLM,Comissão da Lagoa Mirim,10/07/2020,,6
19646,0,0,0,0,64,SUDAM,Superintendência do Desenvolvimento da Amazônia,10/07/2020,,6
19647,0,0,0,0,65,DEPRC,"Departamento Estadual de Portos, Rios e Canais do Rio Grande do Sul",10/07/2020,,6
19648,0,0,0,0,66,DMAE,Departamento Municipal de Águas e Esgoto - Porto Alegre / RS,10/07/2020,,6
19649,0,0,0,0,67,IAPAR,Instituto Agronomo do Paraná,10/07/2020,,6
19650,0,0,0,0,68,DAEE-MG,Departamento de Águas e Energia Elétrica de Minas Gerais,10/07/2020,,6
19651,0,0,0,0,69,FURNAS,Furnas Centrais Elétricas S.A.,10/07/2020,,6
19652,0,0,0,0,70,MORRO VELHO,Mineração Morro Velho S.A.,10/07/2020,,6
19653,0,0,0,0,71,SABESP,Companhia de Saneamento Básico do Estado de São Paulo-SABESP,10/07/2020,,6
19654,0,0,0,0,72,GERAL,Cia Geral de Eletricidade,10/07/2020,,6
19655,0,0,0,0,73,EMBASA-BA,Empresa Baiana de Saneamento,10/07/2020,,6
19656,0,0,0,0,74,CERB,Cia de Engenharia Rural da Bahia,10/07/2020,,6
19657,0,0,0,0,75,ELETRONORTE,Centrais Elétricas do Norte do Brasil S.A-ELETRONORTE,10/07/2020,,6
19658,0,0,0,0,76,SERLA-RJ,Superintendência Estadual de Rios e Lagoas do Rio de Janeiro,10/07/2020,,6
19659,0,0,0,0,77,CAESB,Companhia de Saneamento Ambiental do Distrito Federal,10/07/2020,,6
19660,0,0,0,0,78,PLANALSUCAR,Programa Nacional de Melhoramento da Cana-de-Açúcar,10/07/2020,,6
19661,0,0,0,0,79,ELETROSUL,Eletrosul Centrais Elétricas S.A.,10/07/2020,,6
19662,0,0,0,0,80,CHESF,Companhia Hidro Elétrica do São Francisco-CHESF,10/07/2020,,6
19663,0,0,0,0,81,VALE,Vale S.A.,10/07/2020,,6
19664,0,0,0,0,82,CPRM,Cia de Pesquisa de Recursos Minerais,10/07/2020,,6
19665,0,0,0,0,83,CAGEPA,Cia de Águas e Esgoto da Paraíba,10/07/2020,,6
19666,0,0,0,0,84,EMAE,Empresa Metropolitana de Águas e Energia  S.A-EMAE,10/07/2020,,6
19667,0,0,0,0,85,HIDROLOGIA,Engenharia Industria e Comércio S.A.,10/07/2020,,6
19668,0,0,0,0,86,CNEC,Consorcio Nacional de Engenheiros Consultores,10/07/2020,,6
19669,0,0,0,0,87,HIDROSERVICE,Engenharia de Projetos Ltda.,10/07/2020,,6
19670,0,0,0,0,88,HIDROESB,Saturnino de Brito S.A.,10/07/2020,,6
19671,0,0,0,0,89,EMATER,Empresa Estadual de Assistência Tec. e Ext. Rural,10/07/2020,,6
19672,0,0,0,0,90,ITAIPU,Itaipu  Binacional,10/07/2020,,6
19673,0,0,0,0,91,SEMA-MT,Secretaria de Meio Ambiente do Estado do Mato Grosso,10/07/2020,,6
19674,0,0,0,0,92,LMRS-PB,"Laboratório de Met., Rec. Hid. e Sensoriamento Remoto da Paraíba",10/07/2020,,6
19675,0,0,0,0,93,SIMEPAR,Sistema Meteorológico do Paraná,10/07/2020,,6
19676,0,0,0,0,94,EPAGRI-SC,Empresa de Pesquisa Agrícola de Santa Catarina,10/07/2020,,6
19677,0,0,0,0,95,CELTINS,Cia. Energia Elétrica do Estado do Tocantins,10/07/2020,,6
19678,0,0,0,0,96,IEMA-ES,Instituto Estadual de Meio Ambiente e Recursos Hidricos - Espirito Santo,10/07/2020,,6
19679,0,0,0,0,97,EMPARN,Empresa de Pesquisa Agropecuária do Rio Grande do Norte,10/07/2020,,6
19680,0,0,0,0,98,SANEPAR,Cia de Saneamento do Paraná,10/07/2020,,6
19681,0,0,0,0,99,OUTRAS,,10/07/2020,,6
19682,0,0,0,0,100,COHIDRO,"Consultoria, Estudos e Projetos",10/07/2020,,6
19683,0,0,0,0,101,IGAM-MG,Instituto Mineiro de Gestão das Águas,10/07/2020,,6
19684,0,0,0,0,102,SDM-DF,Secretaria de Estado de Desenvolvimento Urbano e Meio Ambiente,10/07/2020,,6
19685,0,0,0,0,103,GERASUL,Centrais Elétricas do Sul do Brasil,10/07/2020,,6
19686,0,0,0,0,104,CPRH-PE,Companhia Pernambucana do Meio Ambiente,10/07/2020,,6
19687,0,0,0,0,105,SEMA-AP,Secretaria de Meio Ambiente do Estado do Amapá,10/07/2020,,6
19688,0,0,0,0,106,COGERH-CE,Companhia de Gestão dos Recursos Hídricos - Ceará,10/07/2020,,6
19689,0,0,0,0,107,CRA,Centro de Recursos Ambientais da Bahia,10/07/2020,,6
19690,0,0,0,0,108,HYDROCONSULT,Hydroconsult - Hidrométrica Comércio e Serviços Ltda.,10/07/2020,,6
19691,0,0,0,0,109,SNIRH-MA,Sistema Nacional de Informações sobre Recursos Hídricos - Maranhão,10/07/2020,,6
19692,0,0,0,0,110,ANEEL,Agência Nacional de Energia Elétrica,10/07/2020,,6
19693,0,0,0,0,111,NATURATINS,Instituto Natureza do Tocantins,10/07/2020,,6
19694,0,0,0,0,112,ENGIE,Engie Brasil Energia S.A.,10/07/2020,,6
19695,0,0,0,0,113,CETESB-SP,Companhia de Tecnologia de Saneamento Ambiental,10/07/2020,,6
19696,0,0,0,0,114,INEMA-BA,Instituto do Meio Ambiente e Recursos Hídricos - BA,10/07/2020,,6
19697,0,0,0,0,115,SEDAM-RO,Secretaria de Estado do Desenvolvimento Ambiental - RO,10/07/2020,,6
19698,0,0,0,0,116,IMASUL-MS,Instituto de Meio Ambiente de Mato Grosso do Sul,10/07/2020,,6
19699,0,0,0,0,117,CASAN,Companhia Catarinense de Águas e Saneamento de SC,10/07/2020,,6
19700,0,0,0,0,118,RTK,RTK Engenharia,10/07/2020,,6
19701,0,0,0,0,119,DINFRA,Departamento Nacional de Infra Estrutura,10/07/2020,,6
19702,0,0,0,0,120,SEMAD-GO,Secretaria do Meio Ambiente e Recursos Hídricos - GO,10/07/2020,,6
19703,0,0,0,0,121,SEMARH-AL,Secretaria do Meio Ambiente e  Recursos Hídricos - AL,10/07/2020,,6
19704,0,0,0,0,122,CELG,CELG Geração e Transmissão S.A,10/07/2020,,6
19705,0,0,0,0,123,CEDAE,Companhia Estadual de Águas e Esgotos,10/07/2020,,6
19706,0,0,0,0,124,SIMEHGO,Sistema de Meteorologia e Hidrologia do Estado de Goiás,10/07/2020,,6
19707,0,0,0,0,125,UFAM,Universidade Federal do Estado do Amazonas,10/07/2020,,6
19708,0,0,0,0,126,MANASA,Madeireira Nacional S/A,10/07/2020,,6
19709,0,0,0,0,127,INPE,Instituto Nacional de Pesquisas Espaciais,10/07/2020,,6
19710,0,0,0,0,128,UFSM,Universidade  Federal de Santa Maria - RS,10/07/2020,,6
19711,0,0,0,0,129,ENERCAN,Campos Novos Energia S.A-ENERCAN,10/07/2020,,6
19712,0,0,0,0,130,ENERSUL,Empresa Energética do Mato Grosso do Sul,10/07/2020,,6
19713,0,0,0,0,131,PARANAPANEMA,Rio Paranapanema Energia S.A,10/07/2020,,6
19714,0,0,0,0,132,CERJ,Companhia de Eletricidade do Rio de Janeiro,10/07/2020,,6
19715,0,0,0,0,133,CEB,CEB Geração S.A.,10/07/2020,,6
19716,0,0,0,0,134,VITERBO,Viterbo Machado Luz Mineração Ltda.,10/07/2020,,6
19717,0,0,0,0,135,COOPERLUZ,Cooperativa de Geração de Energia e Desenvolvimento COOPERLUZ Geração,10/07/2020,,6
19718,0,0,0,0,136,JAGUARI,Jaguari Energética S.A,10/07/2020,,6
19719,0,0,0,0,137,CBA,Companhia Brasileira de Alumínio-CBA,10/07/2020,,6
19720,0,0,0,0,138,ENGEP,Engenharia e Pavimentação Ltda,10/07/2020,,6
19721,0,0,0,0,139,CONSTRUSERV,Construserv Serviços Gerais Ltda,10/07/2020,,6
19722,0,0,0,0,140,UFBA,Universidade Federal da Bahia,10/07/2020,,6
19723,0,0,0,0,141,CAIUÁ,Caiuá Serviços de Eletricidade S.A.,10/07/2020,,6
19724,0,0,0,0,142,NOVELIS,Novelis do Brasil Ltda.,10/07/2020,,6
19725,0,0,0,0,143,AES TIETÊ,AES Tietê Energia S.A.,10/07/2020,,6
19726,0,0,0,0,144,CHAPECOZINHO,Chapecozinho Energética S.A.,10/07/2020,,6
19727,0,0,0,0,145,AGROROSSATO,Agropecuária Rossato Ltda.,10/07/2020,,6
19728,0,0,0,0,146,AMANARY,Amanary Eletricidade Ltda.,10/07/2020,,6
19729,0,0,0,0,147,APROVALE,Associação de Produtores Rurais do Vale do Cedro,10/07/2020,,6
19730,0,0,0,0,148,AMPER,Amper Energia Ltda.,10/07/2020,,6
19731,0,0,0,0,149,ARAPUCEL,Arapucel Ombreiras S.A.,10/07/2020,,6
19732,0,0,0,0,150,BAESA,Energética Barra Grande S.A-BAESA,10/07/2020,,6
19733,0,0,0,0,151,BELGO MINEIRA,Companhia Siderúrgica Belgo Mineira,10/07/2020,,6
19734,0,0,0,0,152,EMATEX,Ematex Industrial e Comercial Têxtil Ltda.,10/07/2020,,6
19735,0,0,0,0,153,BRAGAGNOLO,Avelino Bragagnolo S.A Industria e Comércio,10/07/2020,,6
19736,0,0,0,0,154,BRASCAN,Brascan Energética,10/07/2020,,6
19737,0,0,0,0,155,BONET,Bonet Madeiras e Papéis Ltda.,10/07/2020,,6
19738,0,0,0,0,156,BT GERADORA,Bt Geradora de Energia Elétrica S.A,10/07/2020,,6
19739,0,0,0,0,157,CAÇADOR,Caçador Energética S.A,10/07/2020,,6
19740,0,0,0,0,158,ELETROGOES S/A,Eletrogoes S.A,10/07/2020,,6
19741,0,0,0,0,159,CASTAMAN,Castaman Centrais Elétricas Ltda.,10/07/2020,,6
19742,0,0,0,0,160,CDSA,Centrais Elétricas  Cachoeira Dourada-CDSA,10/07/2020,,6
19743,0,0,0,0,161,TECIDOS CEDRO,Companhia Fiação Tecidos Cedro Cachoeira,10/07/2020,,6
19744,0,0,0,0,162,CEESAM,CEESAM Geradora S.A,10/07/2020,,6
19745,0,0,0,0,163,CEJARAGUÁ,Companhia Eletroquímica Jaraguá,10/07/2020,,6
19746,0,0,0,0,164,IRANI,Celulose Irani S.A.,10/07/2020,,6
19747,0,0,0,0,165,IGUAÇU,Iguaçu Geração de Energia Ltda.,10/07/2020,,6
19748,0,0,0,0,166,CERFOX,Cooperativa de Geração e Distribuição de Energia Fontoura Xavier Ltda. - CERFOX,10/07/2020,,6
19749,0,0,0,0,167,CERILUZ GERAÇÃO,Cooperativa de Geração de Energia e Desenvolvimento Social Ltda. - Ceriluz Geração,10/07/2020,,6
19750,0,0,0,0,168,CERMISSÕES,Cooperativa de Distribuição e Geração de Energia das Missões Ltda.-CERMISSÕES,10/07/2020,,6
19751,0,0,0,0,169,FAZ.GIRASSOL,Fazenda Girassol,10/07/2020,,6
19752,0,0,0,0,170,CERTHIL,Cooperativa de Energia e Desenvolvimento Rural Entre Rios Ltda.-CERTHIL,10/07/2020,,6
19753,0,0,0,0,171,MRN,Mineração Rio do Norte,10/07/2020,,6
19754,0,0,0,0,172,CFLCL,Companhia Força e Luz Cataguases Leopoldina,10/07/2020,,6
19755,0,0,0,0,173,ELETRAM,Eletricidade da Amazônia S.A-ELETRAM,10/07/2020,,6
19756,0,0,0,0,174,PORTLAND ITAÚ,Companhia Cimento Portland Itaú,10/07/2020,,6
19757,0,0,0,0,175,SERHMA-SE,Secretaria do Meio Ambiente e Recursos Hídricos - SE,10/07/2020,,6
19758,0,0,0,0,176,COPREL,Cooperativa de Geração de Energia e Desenvolvimento-Coprel,10/07/2020,,6
19759,0,0,0,0,177,UNICAMP,Universidade de Campinas,10/07/2020,,6
19760,0,0,0,0,178,COSTA RICA,Costa Rica Energética Ltda.,10/07/2020,,6
19761,0,0,0,0,179,CRELUZ G,Cooperativa de Geração de Energia e Desenvolvimento,10/07/2020,,6
19762,0,0,0,0,180,ELOI BRUNETTA,Eloi Bruneta e Cia. Ltda.,10/07/2020,,6
19763,0,0,0,0,181,ESCELSA,Espírito Santo Centrais Elétricas S.A.,10/07/2020,,6
19764,0,0,0,0,182,FAIXA AZUL,Faixa Azul Industria de Móveis para Escritório Ltda.,10/07/2020,,6
19765,0,0,0,0,183,FAXINAL,Madeireira Faxinal Ltda.,10/07/2020,,6
19766,0,0,0,0,184,GLOBAL,Global Energia Elétrica S.A.,10/07/2020,,6
19767,0,0,0,0,185,HEIDRICH,Heidrich Geração Elétrica Ltda,10/07/2020,,6
19768,0,0,0,0,186,IBEMA,Companhia Brasileira de Papel-IBEMA,10/07/2020,,6
19769,0,0,0,0,187,INSAM,Indústrias de Madeiras Santa Maria Ltda.-INSAM,10/07/2020,,6
19770,0,0,0,0,188,FEPAM-RS,Fundação Estadual de Proteção Ambiental Henrique Luiz Roessler - RS,10/07/2020,,6
19771,0,0,0,0,189,ITISA,Itiquira Energética S.A-ITISA,10/07/2020,,6
19772,0,0,0,0,190,ADASA,Agência Reguladora de Águas e Saneamento - DF,10/07/2020,,6
19773,0,0,0,0,191,LARROSA,Larrosa Construmil,10/07/2020,,6
19774,0,0,0,0,192,LAGO AZUL,Lago Azul Ltda.-LASA,10/07/2020,,6
19775,0,0,0,0,193,MAFRAS,Mafras Energia Ltda.,10/07/2020,,6
19776,0,0,0,0,194,AMAZONAS,Amazonas Geração e Transmissão de Energia S.A.,10/07/2020,,6
19777,0,0,0,0,195,RGE,RGE - Rio Grande Energia,10/07/2020,,6
19778,0,0,0,0,196,SAMARCO,Samarco Mineração S.A.,10/07/2020,,6
19779,0,0,0,0,197,TROMBINE,Trombine Papel e Embalagens S.A.,10/07/2020,,6
19780,0,0,0,0,198,TRAPICHE,Usina Trapiche S.A.,10/07/2020,,6
19781,0,0,0,0,199,Pará de Minas,Prefeitura Pará de Minas,10/07/2020,,6
19782,0,0,0,0,200,RECIMAP,Recimap Industria e Comércio Ltda.,10/07/2020,,6
19783,0,0,0,0,201,CESAN,Companhia Espirito Santense de Saneamento - CESAN,10/07/2020,,6
19784,0,0,0,0,202,UFC,UFC Engenharia,10/07/2020,,6
19785,0,0,0,0,203,ITAMARATI,Itamarati Norte S.A - Agropecuária,10/07/2020,,6
19786,0,0,0,0,204,CEC,Companhia Energética Chapecó,10/07/2020,,6
19787,0,0,0,0,205,FERTILIGAS,Fertiligas Industria e Comércio Ltda.,10/07/2020,,6
19788,0,0,0,0,206,ITAPEBI,Itapebi Geração de Energia S.A.,10/07/2020,,6
19789,0,0,0,0,207,PRIMO TEDESCO,Fabrica de Papel Primo Tedesco S.A.,10/07/2020,,6
19790,0,0,0,0,208,FLP,Ferro Ligas Piracicaba Ltda.-FLP,10/07/2020,,6
19791,0,0,0,0,209,QUEIROS GALVÃO,Queiros Galvão Elétrica S.A.,10/07/2020,,6
19792,0,0,0,0,210,INVESTCO,Investco S.A.,10/07/2020,,6
19793,0,0,0,0,211,ELEKTRO,Instituto Elektro,10/07/2020,,6
19794,0,0,0,0,212,CER,Centrais Elétricas de Roraima,10/07/2020,,6
19795,0,0,0,0,213,CESC,Companhia Energética Santa Clara-CESC,10/07/2020,,6
19796,0,0,0,0,214,VISTA,Bela Vista Geração de Energia S.A.,10/07/2020,,6
19797,0,0,0,0,215,COTIPORÃ,Cotiporã Energética S.A.,10/07/2020,,6
19798,0,0,0,0,216,CLFSC,Companhia Luz e Força Santa Cruz,10/07/2020,,6
19799,0,0,0,0,217,PANAMBI,Hidroelétrica Panambi S.A.,10/07/2020,,6
19800,0,0,0,0,218,CSPE,CSPE - Companhia Sul Paulista de Energia,10/07/2020,,6
19801,0,0,0,0,219,CODESP,Companhia Docas do Estado de São Paulo-CODESP,10/07/2020,,6
19802,0,0,0,0,220,DEMEI,Departamento Municipal de Energia de Ijuí-DEMEI,10/07/2020,,6
19803,0,0,0,0,221,LIBRAGA,Brandão e Cia Ltda.,10/07/2020,,6
19804,0,0,0,0,222,ENERCOOP,Enercoop Ltda.,10/07/2020,,6
19805,0,0,0,0,223,ENGECORPS,Corpo de Engenheiros Consultores Ltda.,10/07/2020,,6
19806,0,0,0,0,224,MAGGI,Maggi Energia S.A.,10/07/2020,,6
19807,0,0,0,0,225,ALTOÉ,Hidroelétrica Altoé Ltda.,10/07/2020,,6
19808,0,0,0,0,226,CEP,Companhia Energética Paulista S.A.,10/07/2020,,6
19809,0,0,0,0,227,CIA MINAS,Companhia Minas da Passagem,10/07/2020,,6
19810,0,0,0,0,228,VALE-ITV,Instituto Tecnológico Vale - ITV,10/07/2020,,6
19811,0,0,0,0,229,CPFL GERAÇÃO,CPFL Geração de Energias S.A.,10/07/2020,,6
19812,0,0,0,0,230,APAC-PE,Agência Pernambucana de Águas e Clima,10/07/2020,,6
19813,0,0,0,0,231,FURG,Universidade Federal do Rio Grande,10/07/2020,,6
19814,0,0,0,0,232,DMEDISTR,DME Distribuição S/A,10/07/2020,,6
19815,0,0,0,0,233,ELETRON,Eletricidade de Rondônia Ltda-ELETRON,10/07/2020,,6
19816,0,0,0,0,234,ELFSM,Empresa Luz e Força Santa Maria S.A.,10/07/2020,,6
19817,0,0,0,0,235,FOCKINK,Hidrelétrica Fockink S.A,10/07/2020,,6
19818,0,0,0,0,236,FORCEL,Força e Luz Coronel Vivida Ltda.,10/07/2020,,6
19819,0,0,0,0,237,HIDROBASA,Hidrometria da Bahia Ltda.,10/07/2020,,6
19820,0,0,0,0,238,HIDROTÉRMICA,Hidrotérmica S.A.,10/07/2020,,6
19821,0,0,0,0,239,HORIZONTES,Horizontes Energia S.A.,10/07/2020,,6
19822,0,0,0,0,240,RIO SÃO MARCOS,Hidrelétrica Rio São Marcos Ltda.,10/07/2020,,6
19823,0,0,0,0,241,MONTE AZUL,Monte Azul Empreendimentos Imobiliários e Geração de Energia Ltda.,10/07/2020,,6
19824,0,0,0,0,242,PESQUEIRO,Pesqueiro Energia S.A.,10/07/2020,,6
19825,0,0,0,0,243,PIRAPAMA,Companhia Industrial Pirapama,10/07/2020,,6
19826,0,0,0,0,244,PONTE DE PEDRA,Ponte de Pedra Energética S.A.,10/07/2020,,6
19827,0,0,0,0,245,ROSAL,Rosal Energia S.A.,10/07/2020,,6
19828,0,0,0,0,246,SANTANENSE,Companhia Tecidos Santanense,10/07/2020,,6
19829,0,0,0,0,247,SULGIPE,Companhia Sul Sergipana de Eletricidade,10/07/2020,,6
19830,0,0,0,0,248,TECEL.SÃO PEDRO,Tecelagem São Pedro,10/07/2020,,6
19831,0,0,0,0,249,UFRP,Universidade Federal Rural de Pernambuco,10/07/2020,,6
19832,0,0,0,0,250,UNB,Universidade de Brasília,10/07/2020,,6
19833,0,0,0,0,251,SEMESA,Semesa S.A.,10/07/2020,,6
19834,0,0,0,0,252,MARINGÁ,Maringá S.A. Cimento e Ferro-Liga,10/07/2020,,6
19835,0,0,0,0,253,IMBEL,Indústria de Material Bélico do Brasil-IMBEL,10/07/2020,,6
19836,0,0,0,0,254,CLFM,Companhia Luz e Força Mococa-CLFM,10/07/2020,,6
19837,0,0,0,0,255,RIO BRANCO,Cimento Rio Branco S.A.,10/07/2020,,6
19838,0,0,0,0,256,SALTO DO LOBO,Companhia Energética Salto do Lobo Ltda.,10/07/2020,,6
19839,0,0,0,0,257,RIO PEDRINHO,Energética Rio Pedrinho S.A.,10/07/2020,,6
19840,0,0,0,0,258,SEMARH-TO,Secretaria do Meio Ambiente e Recursos Hídricos - TO,10/07/2020,,6
19841,0,0,0,0,259,CONCREMAT,Concremat Engenharia e Tecnologia,10/07/2020,,6
19842,0,0,0,0,260,HIDRECON,Energia Independente,10/07/2020,,6
19843,0,0,0,0,261,ELTAN,Eltan Energética,10/07/2020,,6
19844,0,0,0,0,262,SENGES,Senges Papel e Celulose Ltda.,10/07/2020,,6
19845,0,0,0,0,263,CRISTO REI,Industrias Reunidas Cristo Rei Ltda.,10/07/2020,,6
19846,0,0,0,0,264,CERSAD,Cooperativa de Geração de Energia Elétrica Salto Donner - CERSAD,10/07/2020,,6
19847,0,0,0,0,265,CURUÁ,Curuá Energia S.A.,10/07/2020,,6
19848,0,0,0,0,266,SEMA-RS,Secretaria de Meio Ambiente do Estado do Rio Grande do Sul,10/07/2020,,6
19849,0,0,0,0,267,MAGNA,Magna Engenharia Ltda.,10/07/2020,,6
19850,0,0,0,0,268,PRCPI,Produtividade Rural Comércio de Peças de Irrigação Ltda.,10/07/2020,,6
19851,0,0,0,0,269,UFPA,Universidade Federal do Pará,10/07/2020,,6
19852,0,0,0,0,270,INCAPER,Instituto Capixaba de Pesquisa,10/07/2020,,6
19853,0,0,0,0,271,TATUÍ,Companhia Energética Tatuí Ltda,10/07/2020,,6
19854,0,0,0,0,272,ROVENA,Rovena - Veículos e Máquinas Ltda.,10/07/2020,,6
19855,0,0,0,0,273,POUSO ALTO,Pouso Alto Energia S.A.,10/07/2020,,6
19856,0,0,0,0,274,RIO DO SANGUE,Rio do Sangue Energia S.A.,10/07/2020,,6
19857,0,0,0,0,275,SEIVA,SEIVA Engenharia e Projetos Ambientais Ltda.,10/07/2020,,6
19858,0,0,0,0,276,INTERNATIONAL,International Paper do Brasil,10/07/2020,,6
19859,0,0,0,0,277,TAIRETÁ,Tairetá Eletricidade Ltda.,10/07/2020,,6
19860,0,0,0,0,278,ENERPEIXE,Enerpeixe S.A,10/07/2020,,6
19861,0,0,0,0,279,CJ ENERGETICA,CJ Energética S.A,10/07/2020,,6
19862,0,0,0,0,280,L.D.Q.S.P.E.,L.D.Q.S.P.E. Geração de Energia e Participações Ltda.,10/07/2020,,6
19863,0,0,0,0,281,HIDROTÉCNICA,Hidrotécnica Serviços Técnicos Ltda,10/07/2020,,6
19864,0,0,0,0,282,SEIVAL,SEIVAL Usina Termelétrica Ltda,10/07/2020,,6
19865,0,0,0,0,283,SEMARH-PI,Secretaria do Meio Ambiente e Recursos Hídricos - PI,10/07/2020,,6
19866,0,0,0,0,284,AESA-PB,Agência Executiva de Gestão das Águas do Estado da Paraíba,10/07/2020,,6
19867,0,0,0,0,285,COSTA BARROS,Costa Barros Engenharia,10/07/2020,,6
19868,0,0,0,0,286,FEPI,Fundação de Ensino e Pesquisa de Itajubá,10/07/2020,,6
19869,0,0,0,0,287,JCTM,JCTM Ltda.,10/07/2020,,6
19870,0,0,0,0,288,ARROSSENSAL,Arrossensal Agropecuária e Comercial S.A.,10/07/2020,,6
19871,0,0,0,0,289,ELEJOR,Centrais Elétricas do Rio Jordão S.A-ELEJOR,10/07/2020,,6
19872,0,0,0,0,290,ELETROCESAR,Eletro Cesar Geração de Energia Ltda,10/07/2020,,6
19873,0,0,0,0,291,IGARN-RN,Instituto de Gestão das Águas do Estado do Rio Grande do Norte,10/07/2020,,6
19874,0,0,0,0,292,ÁGUAS GUARIROBA,Águas Guariroba S/A,10/07/2020,,6
19875,0,0,0,0,293,CEMTEC-MS,"Centro Estadual de Monitoramento do Tempo, Clima e Rec. Hídricos - MS",10/07/2020,,6
19876,0,0,0,0,294,CRIÚVA,Criuva Energética S.A.,10/07/2020,,6
19877,0,0,0,0,295,UHRGL,Usina Hidrelétrica Rio Grande Ltda,10/07/2020,,6
19878,0,0,0,0,296,RIALMA IV,Rialma Companhia Energética IV S/A,10/07/2020,,6
19879,0,0,0,0,297,DA ILHA,Da Ilha Energética S.A.,10/07/2020,,6
19880,0,0,0,0,298,ANTÔNIO FORNASA,Antônio Fornasa Administradora de Bens Ltda.,10/07/2020,,6
19881,0,0,0,0,299,CERAN,Companhia Energética Rio das Antas-CERAN,10/07/2020,,6
19882,0,0,0,0,300,CRISTALINO,Cristalino Energia Ltda.,10/07/2020,,6
19883,0,0,0,0,301,CN ENERGIA,CN Energia S.A,10/07/2020,,6
19884,0,0,0,0,302,BCE,Brasil Central Energia ltda.,10/07/2020,,6
19885,0,0,0,0,303,CEBEL,Centrais Elétricas Belém S.A-CEBEL,10/07/2020,,6
19886,0,0,0,0,304,CESS,Companhia Energética São Salvador-CESS,10/07/2020,,6
19887,0,0,0,0,305,HÁGUAS,Háguas Hidrometria e Telemetria,10/07/2020,,6
19888,0,0,0,0,306,PCH FIGUEIRA,Consórcio PCH Figueira,10/07/2020,,6
19889,0,0,0,0,307,ELETROSSOL,Centrais Elétricas Cassol  Ltda.-ELETROSSOL,10/07/2020,,6
19890,0,0,0,0,308,SÃO JOAQUIM,São Joaquim Energia S.A,10/07/2020,,6
19891,0,0,0,0,309,DOBREVÊ,Dobrevê Energética,10/07/2020,,6
19892,0,0,0,0,310,LAFARGE,Lafarge Brasil S.A.,10/07/2020,,6
19893,0,0,0,0,311,GALVÃO ENG.,Galvão Engenharia S.A.,10/07/2020,,6
19894,0,0,0,0,312,FOZ DO CHOPIM,Foz do Chopim Energética Ltda.,10/07/2020,,6
19895,0,0,0,0,313,ISA,Instituto Sócio Ambiental,10/07/2020,,6
19896,0,0,0,0,314,RIACHÃO,Riachão Energética S.A.,10/07/2020,,6
19897,0,0,0,0,315,GACEL,Galera Centrais Elétricas S.A-GACEL,10/07/2020,,6
19898,0,0,0,0,316,PONTE ALTA,Energética Ponte Alta S.A,10/07/2020,,6
19899,0,0,0,0,317,L&S PAR,L&S PAR LTDA e Alupar Investimento S.A.,10/07/2020,,6
19900,0,0,0,0,318,BRAÇO NORTE,Braço Norte Energia S.A.,10/07/2020,,6
19901,0,0,0,0,319,SÃO SIMÃO,São Simão Energia S.A,10/07/2020,,6
19902,0,0,0,0,320,CARANGOLA,Carangola Energia S.A,10/07/2020,,6
19903,0,0,0,0,321,CALHEIROS,Calheiros Energia S.A.,10/07/2020,,6
19904,0,0,0,0,322,FUNIL,Funil Energia S.A.,10/07/2020,,6
19905,0,0,0,0,323,SERRA NEGRA,Serra Negra Energética S.A.,10/07/2020,,6
19906,0,0,0,0,324,SAJESA,Salto Jauru Energética S.A-SAJESA,10/07/2020,,6
19907,0,0,0,0,325,JURUENA,Juruena Energia S.A.,10/07/2020,,6
19908,0,0,0,0,326,BARRA GRANDE,Madereira Barra Grande Ltda,10/07/2020,,6
19909,0,0,0,0,327,VARZEA DO JUBA,Várzea do Juba Energética S.A.,10/07/2020,,6
19910,0,0,0,0,328,OMBREIRAS,Ombreiras Energética S.A.,10/07/2020,,6
19911,0,0,0,0,329,BRENNAND,Brennand Energia Manopla S.A,10/07/2020,,6
19912,0,0,0,0,330,INDIAVAI ENERG,Indiavai Energética  S.A.,10/07/2020,,6
19913,0,0,0,0,331,CONS.UHEGA,Consórcio UHE Guilman Amorim,10/07/2020,,6
19914,0,0,0,0,332,CPFL,CPFL Geração de Energia S.A.,10/07/2020,,6
19915,0,0,0,0,333,HIDROMAB,Hidromab - Hidrologia e Meio Ambiente,10/07/2020,,6
19916,0,0,0,0,334,SERRA DO FACÃO,Serra do Facão Energia S.A.,10/07/2020,,6
19917,0,0,0,0,335,PAMPEANA,Pampeana Energética S.A.,10/07/2020,,6
19918,0,0,0,0,336,IGUAÇU MINAS,Iguaçu Minas Energética Ltda.,10/07/2020,,6
19919,0,0,0,0,337,EEPP,Empresa Energética Porto das Pedras S.A-EEPP,10/07/2020,,6
19920,0,0,0,0,338,COPPE/UFRJ,COPPE/UFRJ,10/07/2020,,6
19921,0,0,0,0,339,BURITI,Buriti Energia S.A,10/07/2020,,6
19922,0,0,0,0,340,ANGLO GOLD,Anglogold Ashanti Córrego do Sítio Mineração Ltda.,10/07/2020,,6
19923,0,0,0,0,341,FLOW,Flow engenharia,10/07/2020,,6
19924,0,0,0,0,342,ESBR,Energia Sustentável do Brasil S.A,10/07/2020,,6
19925,0,0,0,0,343,IGEO/UFRJ,IGEO/UFRJ,10/07/2020,,6
19926,0,0,0,0,344,CBR,Cachoeira do Brumado Energia Elétrica LTDA.,10/07/2020,,6
19927,0,0,0,0,345,MUXFELDT,Muxfeldt Marin e Cia.,10/07/2020,,6
19928,0,0,0,0,346,CONS.CORUMBÁIII,Consórcio Empreendedor Corumbá lll,10/07/2020,,6
19929,0,0,0,0,347,UERJ/UFF,UERJ/UFF,10/07/2020,,6
19930,0,0,0,0,348,LUZBOA,Luzboa S.A,10/07/2020,,6
19931,0,0,0,0,349,EPA,Eletricidade Paraense Ltda.,10/07/2020,,6
19932,0,0,0,0,350,ALTO JAURU,Alto Jauru Energética S.A,10/07/2020,,6
19933,0,0,0,0,351,JFG,JFG Energia S.A,10/07/2020,,6
19934,0,0,0,0,352,GRANDVIEW,Grandview Energia LTDA,10/07/2020,,6
19935,0,0,0,0,353,PROPOWER,Propower Geradora de Energia Ltda.,10/07/2020,,6
19936,0,0,0,0,354,SANTO ANTÔNIO,Santo Antônio Energia S.A,10/07/2020,,6
19937,0,0,0,0,355,PCE,PCE Projetos e Consultorias e Engenharia Ltda,10/07/2020,,6
19938,0,0,0,0,356,NICKEL,Companhia Nickel do Brasil,10/07/2020,,6
19939,0,0,0,0,357,OMEGA,Omega Energia Renovável S.A,10/07/2020,,6
19940,0,0,0,0,358,PROMEL,Promel Ltda.,10/07/2020,,6
19941,0,0,0,0,359,CAM,Consultoria Agropecuária Magrin Ltda.,10/07/2020,,6
19942,0,0,0,0,360,ABRANJO,Abranjo Geração de Energia S.A.,10/07/2020,,6
19943,0,0,0,0,361,BROOKFIELD M.G.,Brookfield Energia Renovavel Minas Gerais S.A.,10/07/2020,,6
19944,0,0,0,0,362,CANAÃ,Canaã Geração de Energia S.A.,10/07/2020,,6
19945,0,0,0,0,363,CANHADÃO,Canhadão Produção de Energia Elétrica LTDA.,10/07/2020,,6
19946,0,0,0,0,364,CAROLINA,Carolina Geração de Energia LTDA.,10/07/2020,,6
19947,0,0,0,0,365,TOCANTINS,Tocantins Energética S.A.,10/07/2020,,6
19948,0,0,0,0,366,MORRO GRANDE,Hidrelétrica Morro Grande Ltda.,10/07/2020,,6
19949,0,0,0,0,367,GIOVENARDI,Eugênio Giovenardi,10/07/2020,,6
19950,0,0,0,0,368,COOP.STA. MARIA,Cooperativa Geradora de Energia Elétrica e Desenvolvimento Santa Maria,10/07/2020,,6
19951,0,0,0,0,369,CÉU AZUL,Geração Céu Azul S.A.,10/07/2020,,6
19952,0,0,0,0,370,CAMBARÁ,Hidrelétrica Cambará S.A.,10/07/2020,,6
19953,0,0,0,0,371,EMBAÚBA,Hidrelétrica Embaúba S.A.,10/07/2020,,6
19954,0,0,0,0,372,JELU,Hidrelétrica Jelu LTDA.,10/07/2020,,6
19955,0,0,0,0,373,RIO VITORINO,Hidrelétrica Rio Vitorino LTDA.,10/07/2020,,6
19956,0,0,0,0,374,PINHAL,Pinhal Geradora de Energia S.A.,10/07/2020,,6
19957,0,0,0,0,375,COGESDEC,Conselho dos Gestores Municipais de Defesa Civil do Est. do Rio de Janeiro,10/07/2020,,6
19958,0,0,0,0,376,RIO JORDÃO,Rio Jordão Papéis S.A.,10/07/2020,,6
19959,0,0,0,0,377,SÃO ROQUE,São Roque Energética S.A,10/07/2020,,6
19960,0,0,0,0,378,SEMARH-RN,Secretaria do Meio Ambiente e Recursos Hídricos - RN,10/07/2020,,6
19961,0,0,0,0,379,SANEATINS,Companhia de Saneamento do Tocantins,10/07/2020,,6
19962,0,0,0,0,380,SEMA-AC,Secretaria de Meio Ambiente do Estado do Acre,10/07/2020,,6
19963,0,0,0,0,381,SRHE-PE,Secretaria de Recursos Hídricos e Energéticos - PE,10/07/2020,,6
19964,0,0,0,0,382,COMPESA,Companhia Pernambucana de Saneamento,10/07/2020,,6
19965,0,0,0,0,383,IPA-PE,Instituto Agronômico de Pernambuco,10/07/2020,,6
19966,0,0,0,0,384,EIRELI,PB Produção de Energia Elétrica - Eireli,10/07/2020,,6
19967,0,0,0,0,385,VERACRUZ,Soluções Geofísicas e Geológicas,10/07/2020,,6
19968,0,0,0,0,386,SEMA-MS,Secretaria de Meio Ambiente do Estado do Mato Grosso do Sul,10/07/2020,,6
19969,0,0,0,0,387,DCES,Defesa Civil do Estado do Espírito Santo-ES,10/07/2020,,6
19970,0,0,0,0,388,SEMACE-CE,Superintendência Estadual do Meio Ambiente,10/07/2020,,6
19971,0,0,0,0,389,FEMARH-RR,Fundação Estadual do Meio Ambiente e Recursos Hídricos de Roraima,10/07/2020,,6
19972,0,0,0,0,390,SEMADES-TO,Secretaria do Meio Ambiente e Desenvolvimento Sustentável - TO,10/07/2020,,6
19973,0,0,0,0,391,SEMA-MA,Secretaria de Estado de Meio Ambiente e Recursos Naturais - Maranhão,10/07/2020,,6
19974,0,0,0,0,392,CAMBARÁ,Pequena Central Hidrelétrica Cachoeira do Cambará Ltda.,10/07/2020,,6
19975,0,0,0,0,393,APROVA,Aprova Agricultura Sustentável,10/07/2020,,6
19976,0,0,0,0,394,RETIRO CHALÉ,Condomínio  Retiro do chalé,10/07/2020,,6
19977,0,0,0,0,395,SPE CRISTINA,SPE Cristina Energia S.A.,10/07/2020,,6
19978,0,0,0,0,396,CAPARAÓ,Caparaó Energia S.A,10/07/2020,,6
19979,0,0,0,0,397,SANTA FÉ,Santa Fé Energia S.A,10/07/2020,,6
19980,0,0,0,0,398,BME CAP. CONV.,Capão da Convenção Energia S.A-BME,10/07/2020,,6
19981,0,0,0,0,399,GARÇAS ENERGIA,Garças Energia e Participações S.A,10/07/2020,,6
19982,0,0,0,0,400,PCH TS S.A.,Pequena Central Hidrelétrica TS S.A.,10/07/2020,,6
19983,0,0,0,0,401,ASEA,Água e Solo Estudos Ambientais,10/07/2020,,6
19984,0,0,0,0,402,VÊNETO,Vêneto Energética S.A.,10/07/2020,,6
19985,0,0,0,0,403,SEMAS-PA,Secretaria do Meio Ambiente e Sustentabilidade do Estado do Pará,10/07/2020,,6
19986,0,0,0,0,404,JATAÍ,Jataí Energética S.A,10/07/2020,,6
19987,0,0,0,0,405,IRARA,Irara Energética S.A,10/07/2020,,6
19988,0,0,0,0,406,ONIX,Ônix Geração de Energia S.A,10/07/2020,,6
19989,0,0,0,0,407,RETIRO VELHO,Retiro Velho Energética S.A,10/07/2020,,6
19990,0,0,0,0,408,CONS.PESTRELA,Consórcio AHE Porto Estrela,10/07/2020,,6
19991,0,0,0,0,409,BONFANTE,Bonfante Energética S.A,10/07/2020,,6
19992,0,0,0,0,410,COBUCCIO,Cobuccio e Almeida Energia Ltda. - EPP,10/07/2020,,6
19993,0,0,0,0,411,SF PRODUÇÃO,SF Produção de Energia Elétrica Ltda.,10/07/2020,,6
19994,0,0,0,0,412,NEOINVEST,Neoinvest Investimentos S.A.,10/07/2020,,6
19995,0,0,0,0,413,UFAC,Universidade Federal do Estado do Acre,10/07/2020,,6
19996,0,0,0,0,414,RIGESA,"Rigesa - Celulose, Papel e Embalagens Ltda.",10/07/2020,,6
19997,0,0,0,0,415,HIDROTEL,Hidrotel Hidrometria e Telemetria Ltda,10/07/2020,,6
19998,0,0,0,0,416,SANTA CRUZ,Santa Cruz Geração de Energia S.A,10/07/2020,,6
19999,0,0,0,0,417,ENEBRAS,Enebras Projetos de Usinas Hidrelétricas Ltda.,10/07/2020,,6
20000,0,0,0,0,418,SHM,"SHM - Sistemas Hídricos, Medição e Controle Ltda.",10/07/2020,,6
20001,0,0,0,0,419,PARANATINGA,Paranatinga Energia S.A,10/07/2020,,6
20002,0,0,0,0,420,CONS.CESAP,Consórcio Empresarial Salto Pilão - CESAP,10/07/2020,,6
20003,0,0,0,0,421,UNITINS,Fundação Universidade do Tocantins,10/07/2020,,6
20004,0,0,0,0,422,BME ENERGIA,BME Energia S.A.,10/07/2020,,6
20005,0,0,0,0,423,ST HIDRO,ST Hidro Ltda.,10/07/2020,,6
20006,0,0,0,0,424,SÃO PEDRO,São Pedro Energia S.A,10/07/2020,,6
20007,0,0,0,0,425,M. SERRAT,Monte Serrat Energética S.A,10/07/2020,,6
20008,0,0,0,0,426,CONSTRUFAM,Construfam Engenharia e Empreendimentos Ltda.,10/07/2020,,6
20009,0,0,0,0,427,ELETRISA,Eletrisa - Operadora de Usinas Ltda.,10/07/2020,,6
20010,0,0,0,0,428,COCAIS GRANDE,Cocais Grande Energia S/A,10/07/2020,,6
20011,0,0,0,0,429,MONEL,Monel Monjolinho Energética S.A,10/07/2020,,6
20012,0,0,0,0,430,FUNDAGRO-SC,Fundação de Apoio ao Desenvolimento Rural Sustentável de Sta. Catarina,10/07/2020,,6
20013,0,0,0,0,431,DESENVIX,Desenvix S.A.,10/07/2020,,6
20014,0,0,0,0,432,SANTA PAULA,Santa Paula Energia Ltda,10/07/2020,,6
20015,0,0,0,0,433,RIO AGUA CLARA,Rio água Clara Energia S.A.,10/07/2020,,6
20016,0,0,0,0,434,IDEMA-RN,Instituto de Desenvolvimento Sustentável e Meio Ambiente,10/07/2020,,6
20017,0,0,0,0,435,SÃO MARCOS,Hidrelétrica São Marcos,10/07/2020,,6
20018,0,0,0,0,436,RINCÃO ALBINOS,Rincão dos Albinos Energética S/A,10/07/2020,,6
20019,0,0,0,0,437,CONS.CECS,Consórcio Energético Cruzeiro do Sul,10/07/2020,,6
20020,0,0,0,0,438,INEA-RJ,Instituto Estadual do Ambiente,10/07/2020,,6
20021,0,0,0,0,439,INFOPER,Infoper,10/07/2020,,6
20022,0,0,0,0,440,CERV-PET,Cervejaria Petrópolis do Centro Oeste Ltda.,10/07/2020,,6
20023,0,0,0,0,441,ÁGUAS IMPERADOR,Águas do Imperador,10/07/2020,,6
20024,0,0,0,0,442,FOZ DO CHAPECÓ,Foz do Chapecó Energia S.A,10/07/2020,,6
20025,0,0,0,0,443,IFM,IFM - Administração e Participação Ltda.,10/07/2020,,6
20026,0,0,0,0,444,GERA,GERA - Consultoria e Empreendimentos Energéticos Ltda,10/07/2020,,6
20027,0,0,0,0,445,ENERGEST,Energest S.A,10/07/2020,,6
20028,0,0,0,0,446,BJ. AGROP. LTDA,Bom Jesus Agropecuária Ltda.,10/07/2020,,6
20029,0,0,0,0,447,HIDROMEC,Hidromec - Industria e Comércio Ltda.,10/07/2020,,6
20030,0,0,0,0,448,AMPARO,Amparo Energia Ltda.,10/07/2020,,6
20031,0,0,0,0,449,TANGARÁ,Tangará Energética S.A.,10/07/2020,,6
20032,0,0,0,0,450,ESPORA,Espora Energética S.A,10/07/2020,,6
20033,0,0,0,0,451,CEMADEN,Centro Nacional de Monitoramento e Alertas de Desastres Naturais.,10/07/2020,,6
20034,0,0,0,0,452,RIOVERDE SALTO,Rio Verde Energia S.A - UHE Salto,10/07/2020,,6
20035,0,0,0,0,453,SÃO GERALDO,São Geraldo Energética S/A,10/07/2020,,6
20036,0,0,0,0,454,SPE ARVOREDO,SPE Arvoredo Energia S.A,10/07/2020,,6
20037,0,0,0,0,455,SPE PAIOL,SPE Paiol Energia S.A,10/07/2020,,6
20038,0,0,0,0,456,ERSA,ERSA Energias Renováveis s/a,10/07/2020,,6
20039,0,0,0,0,457,SERRANA,Serrana Energética S.A.,10/07/2020,,6
20040,0,0,0,0,458,CAIBI,Central Elétrica Caibi Ltda.,10/07/2020,,6
20041,0,0,0,0,459,LINHA EMILIA,Linha Emilia Energética S.A.,10/07/2020,,6
20042,0,0,0,0,460,MAUÊ,Mauê S.A - Geradora e Fornecedora de Insumos,10/07/2020,,6
20043,0,0,0,0,461,RIO CLARO,Foz do Rio Claro Energia S.A.,10/07/2020,,6
20044,0,0,0,0,462,IBRAM,Instituto do Meio Ambiente e dos Recursos Hidricos do Distrito Federal,10/07/2020,,6
20045,0,0,0,0,463,SPE CRAVARI,SPE Cravari Geração de Energia S.A,10/07/2020,,6
20046,0,0,0,0,464,MIRIM,Rio Sapucaí Mirim Energia Ltda.,10/07/2020,,6
20047,0,0,0,0,465,SALTODASFLORES,Central Hidrelétrica Salto das Flores S.A,10/07/2020,,6
20048,0,0,0,0,466,PANTANAL,Pantanal Energética Ltda.,10/07/2020,,6
20049,0,0,0,0,467,BROOKFIELD,Brookfield Energia Renovável  S.A,10/07/2020,,6
20050,0,0,0,0,468,HOBECO,Hobeco Ltda.,10/07/2020,,6
20051,0,0,0,0,469,RIO SUCURIÚ,Rio Sucuriú Energia S.A.,10/07/2020,,6
20052,0,0,0,0,470,QUANTA,Quanta Geração S.A.,10/07/2020,,6
20053,0,0,0,0,471,ARATU,Aratu Geração S.A,10/07/2020,,6
20054,0,0,0,0,472,ANHAMBI,Anhambi Agroindustrial Ltda.,10/07/2020,,6
20055,0,0,0,0,473,AQUARIUS,Aquarius Energética S.A,10/07/2020,,6
20056,0,0,0,0,474,RBO,RBO Energia S.A,10/07/2020,,6
20057,0,0,0,0,475,ARCELOR,Arcelor Mittal Brasil S.A.,10/07/2020,,6
20058,0,0,0,0,476,AREIA,Areia Energia S.A,10/07/2020,,6
20059,0,0,0,0,477,AUTÓDROMO,Autódromo Energética S.A,10/07/2020,,6
20060,0,0,0,0,478,BRAÚNA,Barra do Braúna Energética S.A,10/07/2020,,6
20061,0,0,0,0,479,BCSERVICE,BC Service Energética S.A.,10/07/2020,,6
20062,0,0,0,0,480,BOA FÉ,Boa Fé Energética S.A,10/07/2020,,6
20063,0,0,0,0,481,BOA SORTE,Boa Sorte Energética S.A,10/07/2020,,6
20064,0,0,0,0,482,BONANZA,Bonanza Energética Ltda.,10/07/2020,,6
20065,0,0,0,0,483,CAETÉ,Caeté Empreendimentos Energético Ltda.,10/07/2020,,6
20066,0,0,0,0,484,CALDAS,Caldas Energética Ltda.,10/07/2020,,6
20067,0,0,0,0,485,CAMPOS DE JULIO,Campos de Júlio Energia S.A,10/07/2020,,6
20068,0,0,0,0,486,CASA DE PEDRA,Casa de Pedra Energia S.A,10/07/2020,,6
20069,0,0,0,0,487,CEMIG PCH,Cemig PCH S.A,10/07/2020,,6
20070,0,0,0,0,488,CENH,Companhia Energética Novo Horizonte-CENH,10/07/2020,,6
20071,0,0,0,0,489,CANDEEIRO,Centrais Candeeiro de Energia S/A,10/07/2020,,6
20072,0,0,0,0,490,RPEE,Companhia RPee Energia,10/07/2020,,6
20073,0,0,0,0,491,RIO TIGRE,Centrais Elétricas Rio Tigre S.A,10/07/2020,,6
20074,0,0,0,0,492,DARDANELOS,Centrais Elétricas Salto dos Dardanelos S.A,10/07/2020,,6
20075,0,0,0,0,493,ANHANGUERA,Central Elétrica Anhanguera S.A,10/07/2020,,6
20076,0,0,0,0,494,CERBRANORTE,Cerbranorte Geração S.A.,10/07/2020,,6
20077,0,0,0,0,495,CGEDTJ,Cooperativa de Geração de Energia e Desenvolvimento Taquari-Jacuí,10/07/2020,,6
20078,0,0,0,0,496,MORRINHOS,Morrinhos Geração e Comércio de Energia Elétrica Ltda.,10/07/2020,,6
20079,0,0,0,0,497,CERTEL RASTRO,Certel Rastro de Auto Geração de Energia S.A,10/07/2020,,6
20080,0,0,0,0,498,IG. CAARATINGA,Iguaçu Caaratinga Energia Ltda.,10/07/2020,,6
20081,0,0,0,0,499,AGUALIMPA,Água Limpa Energia S.A,10/07/2020,,6
20082,0,0,0,0,501,RINCÃOSÃOMIGUEL,Rincão São Miguel Energética S/A,10/07/2020,,6
20083,0,0,0,0,502,RENOVÁVEIS,CPFL Energias Renováveis S.A.,10/07/2020,,6
20084,0,0,0,0,503,CIABS,Companhia Bom Sucesso de Eletricidade-CIABS,10/07/2020,,6
20085,0,0,0,0,504,HTEXTIL,Horizonte Têxtil Ltda.,10/07/2020,,6
20086,0,0,0,0,505,CIF,Companhia Industrial Fluminense - CIF,10/07/2020,,6
20087,0,0,0,0,506,QUEVEDOS,Quevedos Energética S/A,10/07/2020,,6
20088,0,0,0,0,507,GUASSUPI,Salto do Guassupi Energética S/A,10/07/2020,,6
20089,0,0,0,0,508,CJ HIDRO,CJ Hydro - Geração de Energia S. A,10/07/2020,,6
20090,0,0,0,0,509,COMODORO,Comodoro Energética S.A,10/07/2020,,6
20091,0,0,0,0,510,COMOSA,Concessionária Mosquitão S.A-COMOSA,10/07/2020,,6
20092,0,0,0,0,511,ITUMIRIM,Companhia Energética Itumirim,10/07/2020,,6
20093,0,0,0,0,512,FIGUEIRÓPOLIS,Companhia Hidroelétrica Figueirópolis,10/07/2020,,6
20094,0,0,0,0,513,CALDEIRÃO S.A.,Empresa de Energia Cachoeira do Caldeirão S.A.,10/07/2020,,6
20095,0,0,0,0,514,CONFLUÊNCIA,Confluência Energia S.A,10/07/2020,,6
20096,0,0,0,0,515,PREART,Construtora Preart Ltda.,10/07/2020,,6
20097,0,0,0,0,516,CONTESTADO,Contestado Energética S.A,10/07/2020,,6
20098,0,0,0,0,517,COOPERZEM,Cooperzem Cooperativa de Geração de Energia e Desenvolvimento - Cooperzem Geração,10/07/2020,,6
20099,0,0,0,0,518,COQUEIRAL,Coqueiral Energética Ltda.,10/07/2020,,6
20100,0,0,0,0,519,CORONEL ARAUJO,Coronel Araújo Energética S.A,10/07/2020,,6
20101,0,0,0,0,520,CORUMBÁ COM,Corumbá Concessões S.A,10/07/2020,,6
20102,0,0,0,0,521,PCH AGUTI,COTESA Geradora de Energia - PCH Aguti Ltda.,10/07/2020,,6
20103,0,0,0,0,522,PCH NOVA TRENTO,COTESA Geradora de Energia - PCH Nova Trento Ltda.,10/07/2020,,6
20104,0,0,0,0,523,COTESA,COTESA Geradora de Energia - PCH São Sebastião Ltda.,10/07/2020,,6
20105,0,0,0,0,524,PCH VALENTIN,COTESA Geradora de Energia - PCH São Valentin Ltda.,10/07/2020,,6
20106,0,0,0,0,525,COVÓ,Covó Geração de Energia Elétrica Ltda.,10/07/2020,,6
20107,0,0,0,0,526,CPFL-SUL,CPFL Sul Centrais Elétricas Ltda,10/07/2020,,6
20108,0,0,0,0,527,DME,DME Energética Ltda.,10/07/2020,,6
20109,0,0,0,0,528,ELETRIC,Eletric Fall Ltda.,10/07/2020,,6
20110,0,0,0,0,529,ELET. SÃO PEDRO,Eletricidade São Pedro Ltda.,10/07/2020,,6
20111,0,0,0,0,530,C TABOCA,Centrais Elétricas Taboca Ltda.,10/07/2020,,6
20112,0,0,0,0,531,ÁGUAS DA PEDRA,Energética Águas da Pedra S.A,10/07/2020,,6
20113,0,0,0,0,532,SPE SAUDADES,SPE Energética Saudades S.A,10/07/2020,,6
20114,0,0,0,0,533,ENERGISAFRIBURG,Energisa Nova Friburgo - Distribuidora de Energia S.A,10/07/2020,,6
20115,0,0,0,0,534,ESMERALDA,Esmeralda S.A,10/07/2020,,6
20116,0,0,0,0,535,ESTAÇÃO INDAIAL,Estação Indaial Energética S.A,10/07/2020,,6
20117,0,0,0,0,536,FERREIRAGOMES,Ferreira Gomes Energia S.A,10/07/2020,,6
20118,0,0,0,0,537,FIBRA,Fibra Geração Ltda.,10/07/2020,,6
20119,0,0,0,0,538,FIRENZE,Firenze Energética S.A,10/07/2020,,6
20120,0,0,0,0,539,FLSS,Força e Luz São Sebastião Ltda.,10/07/2020,,6
20121,0,0,0,0,540,BRK,BRK Ambiental - Cachoeiro de Itapemirim S.A.,10/07/2020,,6
20122,0,0,0,0,541,GALHEIROS,Galheiros Geração de Energia Elétrica S.A,10/07/2020,,6
20123,0,0,0,0,542,GALÓPOLIS,Galópolis Energia S.A,10/07/2020,,6
20124,0,0,0,0,543,GÊNESIS,Gênesis Energética S.A,10/07/2020,,6
20125,0,0,0,0,544,PCHSANTAROSA,PCH Santa Rosa S.A.,10/07/2020,,6
20126,0,0,0,0,545,NOVA FÁTIMA,Geradora de Energia Nova Fátima S.A,10/07/2020,,6
20127,0,0,0,0,546,RIO FORTUNA,Geradora de Energia Rio Fortuna S.A,10/07/2020,,6
20128,0,0,0,0,547,SÃO MAURICIO,Geradora de Energia São Maurício S.A,10/07/2020,,6
20129,0,0,0,0,548,GERAOESTE,Usinas Elétricas do Oeste S.A.,10/07/2020,,6
20130,0,0,0,0,549,GUARANTÃ,Guarantã Energética Ltda.,10/07/2020,,6
20131,0,0,0,0,550,HACKER,Hacker Industrial Ltda.,10/07/2020,,6
20132,0,0,0,0,551,ÁGUASCLARAS,Hidrelétrica Águas Claras Ltda.,10/07/2020,,6
20133,0,0,0,0,552,AREIA BRANCA,Hidrelétrica Areia Branca S.A,10/07/2020,,6
20134,0,0,0,0,553,CACHOEIRÃO,Hidrelétrica Cachoeirão S.A,10/07/2020,,6
20135,0,0,0,0,554,SERRAVELHA,Hidrelétrica Serra Velha Ltda.,10/07/2020,,6
20136,0,0,0,0,555,MALAGONE,Hidrelétrica Malagone S.A,10/07/2020,,6
20137,0,0,0,0,556,PEQUI,Hidrelétrica Pequi S.A,10/07/2020,,6
20138,0,0,0,0,557,PIPOCA,Hidrelétrica Pipoca S.A,10/07/2020,,6
20139,0,0,0,0,558,ROSSI,Hidrelétrica Rossi Ltda.,10/07/2020,,6
20140,0,0,0,0,559,BERGAMIN,Hidroelétrica Bergamin Ltda.,10/07/2020,,6
20141,0,0,0,0,560,MINÉ,Hidroelétrica Cachoeira do Miné S.A,10/07/2020,,6
20142,0,0,0,0,561,CHUPINGUAIA,Hidroelétrica Chupinguaia Ltda.,10/07/2020,,6
20143,0,0,0,0,562,PARDOS,Hidroelétrica Pardos S.A.,10/07/2020,,6
20144,0,0,0,0,563,HIDROPOWER,Hidropower Energia S.A,10/07/2020,,6
20145,0,0,0,0,564,HIDROSSOL,Hidrossol Hidroelétricas Cassol Ltda.,10/07/2020,,6
20146,0,0,0,0,565,KUHLEMANN,Hydro Kuhlemann Geração Ltda.,10/07/2020,,6
20147,0,0,0,0,566,IBIRAMA,Ibirama Energética S.A,10/07/2020,,6
20148,0,0,0,0,567,IBITURUNA,Ibituruna Hidrelétrica S.A,10/07/2020,,6
20149,0,0,0,0,568,IBÓ,Ibó Energética S.A,10/07/2020,,6
20150,0,0,0,0,569,IJUI ENERGIA,Ijuí Energia S.A,10/07/2020,,6
20151,0,0,0,0,570,INDAIÁ GRANDE,Indaiá Grande Energia S.A,10/07/2020,,6
20152,0,0,0,0,571,INDAIAZINHO,Indaiazinho Energia S.A,10/07/2020,,6
20153,0,0,0,0,572,IRCEL,Irmãos Rodrigues Centrais Elétricas Ltda.-IRCEL,10/07/2020,,6
20154,0,0,0,0,573,ISAMU IKEDA,Isamu Ikeda Energia S.A,10/07/2020,,6
20155,0,0,0,0,574,ITAGUAÇU,Itaguaçu Energia S.A,10/07/2020,,6
20156,0,0,0,0,575,FUNDO,Córrego Fundo SPE Ltda.,10/07/2020,,6
20157,0,0,0,0,576,PAPER,Internacional Paper do Brasil Ltda.,10/07/2020,,6
20158,0,0,0,0,577,JURUMIRIM,Jurumirim Energética S.A,10/07/2020,,6
20159,0,0,0,0,578,LAGOAGRANDE,Lagoa Grande Energética S.A,10/07/2020,,6
20160,0,0,0,0,579,LARANJINHA,Laranjinha Energética Ltda.,10/07/2020,,6
20161,0,0,0,0,580,VALLE,Valle Sul Energia S.A.,10/07/2020,,6
20162,0,0,0,0,581,LIGHTGER,Lightger S.A,10/07/2020,,6
20163,0,0,0,0,582,LUDESA,Ludesa Energética S.A,10/07/2020,,6
20164,0,0,0,0,583,LUMBRÁS,Lumbrás Energética S.A,10/07/2020,,6
20165,0,0,0,0,584,OSWALDO,Oswaldo Vicintin PCH Ltda,10/07/2020,,6
20166,0,0,0,0,585,MANGUEIRA,Mangueira Pedra Energia Ltda.,10/07/2020,,6
20167,0,0,0,0,586,MARACANÃ,Maracanã Energética S.A,10/07/2020,,6
20168,0,0,0,0,587,MARCOL,Madeireira Rio Colorado Ltda.-MARCOL,10/07/2020,,6
20169,0,0,0,0,588,TABOCA,Mineração Taboca S.A,10/07/2020,,6
20170,0,0,0,0,589,MIZU,Mizu S.A,10/07/2020,,6
20171,0,0,0,0,590,MOINHO,Moinho S.A,10/07/2020,,6
20172,0,0,0,0,591,MUCURI,Mucuri Energética S.A,10/07/2020,,6
20173,0,0,0,0,592,MULTIFASE,Multifase Centrais de Energia do Brasil Ltda.,10/07/2020,,6
20174,0,0,0,0,593,MURTA,Murta Energética S.A,10/07/2020,,6
20175,0,0,0,0,594,NORTE ENERGIA,Norte Energia S.A,10/07/2020,,6
20176,0,0,0,0,595,OLVEPAR,Olvepar S.A Indústria e Comércio,10/07/2020,,6
20177,0,0,0,0,596,OPM,OPM Empreendimentos S.A,10/07/2020,,6
20178,0,0,0,0,597,OURO,Ouro Energética S.A,10/07/2020,,6
20179,0,0,0,0,598,PARACATU,Paracatu Energia S.A,10/07/2020,,6
20180,0,0,0,0,599,PARECIS,Parecis Energia S.A,10/07/2020,,6
20181,0,0,0,0,600,PASSO FERRAZ,Passo Ferraz Energia S.A,10/07/2020,,6
20182,0,0,0,0,601,PASSOS MAIA,Passos Maia Energética S.A,10/07/2020,,6
20183,0,0,0,0,602,PEDRA FURADA,Pedra Furada Energia S.A,10/07/2020,,6
20184,0,0,0,0,603,RIO DO BRAÇO,Pequena Central Hidrelétrica Rio do Braço S.A,10/07/2020,,6
20185,0,0,0,0,604,PERDIZES,Perdizes  Energética Ltda.,10/07/2020,,6
20186,0,0,0,0,605,PETROBRÁS,Petróleo Brasileiro S.A-PETROBRÁS,10/07/2020,,6
20187,0,0,0,0,606,PIEDADE,Piedade Usina Geradora de Energia S.A,10/07/2020,,6
20188,0,0,0,0,607,PIRACICABA,Piracicaba Geradora de Energia Ltda.,10/07/2020,,6
20189,0,0,0,0,608,PIRAPETINGA,Pirapetinga Hidrelétrica S.A,10/07/2020,,6
20190,0,0,0,0,609,PLANALTO,Planalto Energética S.A.,10/07/2020,,6
20191,0,0,0,0,610,CANTU,Cantu Energética S.A,10/07/2020,,6
20192,0,0,0,0,611,PORTO FRANCO,Porto Franco Energética S.A,10/07/2020,,6
20193,0,0,0,0,612,DEUS ENERGÉTICA,Presente de Deus Energética S.A,10/07/2020,,6
20194,0,0,0,0,613,QUEIXADA,Queixada Energética S.A,10/07/2020,,6
20195,0,0,0,0,614,RETIRO BAIXO,Retiro Baixo Energética S.A,10/07/2020,,6
20196,0,0,0,0,615,RIACHO PRETO,Riacho Preto Energética S.A,10/07/2020,,6
20197,0,0,0,0,616,RIO CANOAS,Rio Canoas Energia S.A,10/07/2020,,6
20198,0,0,0,0,617,RIO CORRENTE,Rio Corrente S.A,10/07/2020,,6
20199,0,0,0,0,618,SPVR,S.P.V.R. Geração e Comercialização de Energia Elétrica Ltda.,10/07/2020,,6
20200,0,0,0,0,619,RIO GLÓRIA,Rio Glória Energética S.A,10/07/2020,,6
20201,0,0,0,0,620,RODEIO BONITO,Rodeio Bonito Hidrelétrica S.A,10/07/2020,,6
20202,0,0,0,0,621,RONDINHA ENERG.,Rondinha Energética S.A,10/07/2020,,6
20203,0,0,0,0,622,RONDINHA GERAD.,Rondinha Geradora de Energia Ltda.,10/07/2020,,6
20204,0,0,0,0,623,RONDON,Rondon Energia S.A,10/07/2020,,6
20205,0,0,0,0,624,SÁ CARVALHO,Sá Carvalho S.A,10/07/2020,,6
20206,0,0,0,0,625,SALTO NUVENS,Salto das Nuvens Investimentos e Participações Ltda.,10/07/2020,,6
20207,0,0,0,0,626,SANTA ANA,Santa Ana Energética S/A,10/07/2020,,6
20208,0,0,0,0,627,SANTA CLARA,Santa Clara Indústria de Cartões Ltda.,10/07/2020,,6
20209,0,0,0,0,628,SANTA GABRIELA,Santa Gabriela Energética S.A,10/07/2020,,6
20210,0,0,0,0,629,STAHELENALTDA,Santa Helena Energia Ltda.,10/07/2020,,6
20211,0,0,0,0,630,SANTA LAURA,Santa Laura S.A,10/07/2020,,6
20212,0,0,0,0,631,SANTAROSA-1,Santa Rosa Energética S.A,10/07/2020,,6
20213,0,0,0,0,632,SANTA ROSA,Santa Rosa S.A,10/07/2020,,6
20214,0,0,0,0,633,SÃO PAULO,São Paulo Energética S.A .,10/07/2020,,6
20215,0,0,0,0,634,SÃO TADEU,São Tadeu Energética S.A,10/07/2020,,6
20216,0,0,0,0,635,SAPEEL,Sociedade Amapaense de Produção de Energia Elétrica Ltda.-SAPEEL,10/07/2020,,6
20217,0,0,0,0,636,SAPEZAL,Sapezal Energia S.A,10/07/2020,,6
20218,0,0,0,0,637,AGROENERGÉTICA,Agroenergética Mato Grosso Ltda,10/07/2020,,6
20219,0,0,0,0,638,GARÇA BRANCA,Garça Branca Energética S/A,10/07/2020,,6
20220,0,0,0,0,639,VOTORSIDERURGIA,Votorantim Siderurgia S.A.,10/07/2020,,6
20221,0,0,0,0,640,SOCIBE,Socibe Energia S.A,10/07/2020,,6
20222,0,0,0,0,641,SOPAVE,Sopave Norte S.A Mercantil Rural,10/07/2020,,6
20223,0,0,0,0,642,SPE AIURUOCA,SPE Aiuruoca Energia S.A,10/07/2020,,6
20224,0,0,0,0,643,SPE ALTO IRANI,SPE Alto Irani Energia S.A,10/07/2020,,6
20225,0,0,0,0,644,SPE BAHIA,SPE Bahia PCH I S.A,10/07/2020,,6
20226,0,0,0,0,645,SPE PACIÊNCIA,SPE Barra da Paciência Energia S.A,10/07/2020,,6
20227,0,0,0,0,646,SPE GRANDE I,SPE Cachoeira Grande Energia S.A,10/07/2020,,6
20228,0,0,0,0,647,SPE GRANDE II,SPE Cachoeira Grande II Energia S.A,10/07/2020,,6
20229,0,0,0,0,648,SPE COCAIS,SPE Cocais Grande Energia S.A,10/07/2020,,6
20230,0,0,0,0,649,SPE CORR.GRANDE,SPE Corrente Grande Energia S.A,10/07/2020,,6
20231,0,0,0,0,650,SPE ÁGUIA,SPE Ninho da Águia Energia S.A,10/07/2020,,6
20232,0,0,0,0,651,SPE PLANO ALTO,SPE Plano Alto Energia S.A,10/07/2020,,6
20233,0,0,0,0,652,SPE SALTO GOES,SPE Salto Góes Energia S.A,10/07/2020,,6
20234,0,0,0,0,653,SPE SANTA CRUZ,SPE Santa Cruz Energia S.A,10/07/2020,,6
20235,0,0,0,0,654,SPE SANTA LUZIA,SPE Santa Luzia Energética S.A,10/07/2020,,6
20236,0,0,0,0,655,SPE GONÇALO,SPE São Gonçalo Energia S.A,10/07/2020,,6
20237,0,0,0,0,656,SPE VARGINHA,SPE Varginha Energia S.A,10/07/2020,,6
20238,0,0,0,0,657,SPE V. ALEGRE,SPE Várzea Alegre Energia S.A,10/07/2020,,6
20239,0,0,0,0,658,TAMBAÚ,Tambaú Energética S.A,10/07/2020,,6
20240,0,0,0,0,659,TECNOVOLT,Tecnovolt Centrais Elétricas S.A,10/07/2020,,6
20241,0,0,0,0,660,TELEGRÁFICA,Telegráfica Energia S.A,10/07/2020,,6
20242,0,0,0,0,661,TIGRE,Tigre Produção de Energia Elétrica Ltda.,10/07/2020,,6
20243,0,0,0,0,662,TUDELÂNDIA,Tudelândia Central Elétrica S.A,10/07/2020,,6
20244,0,0,0,0,663,TUPAN,Tupan Energia Elétrica Ltda.,10/07/2020,,6
20245,0,0,0,0,664,SPE TURVO,SPE Turvo Energia S.A,10/07/2020,,6
20246,0,0,0,0,665,UNAI BAIXO,Unaí Baixo Energética S.A,10/07/2020,,6
20247,0,0,0,0,666,RIOVERMELHO,Usina Rio Vermelho de Energia Ltda.,10/07/2020,,6
20248,0,0,0,0,667,SERRA GRANDE,Usina Serra Grande S.A,10/07/2020,,6
20249,0,0,0,0,668,USINACACHOEIRA,Usina Hidrelétrica Cachoeira Ltda.,10/07/2020,,6
20250,0,0,0,0,669,USINACUBATÃO,Usina Hidrelétrica Cubatão S.A,10/07/2020,,6
20251,0,0,0,0,670,ITAIQUARA,Usina Itaiquara de Açúcar  e Álcool S.A,10/07/2020,,6
20252,0,0,0,0,671,JACIARA,Usina Jaciara S.A,10/07/2020,,6
20253,0,0,0,0,672,LAVRINHAS,Usina Paulista Lavrinhas de Energia S.A,10/07/2020,,6
20254,0,0,0,0,673,QUELUZ,Usina Paulista Queluz de Energia S.A,10/07/2020,,6
20255,0,0,0,0,674,USINAUNIÃO,Usina União e Indústria S.A,10/07/2020,,6
20256,0,0,0,0,675,VOTORCIM I,Votorantim Cimentos  N/NE S.A,10/07/2020,,6
20257,0,0,0,0,676,XAVANTINA,Xavantina Energética S.A,10/07/2020,,6
20258,0,0,0,0,677,ZIHUATANEJO,Zihuatanejo do Brasil Açúcar e Álcool Ltda.,10/07/2020,,6
20259,0,0,0,0,678,ABC ENERGIA,ABC Energia Ltda.,10/07/2020,,6
20260,0,0,0,0,679,CEI MINAS,CEI Minas PCH Energia Ltda.,10/07/2020,,6
20261,0,0,0,0,680,PAINEL,Painel Energética S/A,10/07/2020,,6
20262,0,0,0,0,681,BCENG,Brasil Central Engenharia Ltda.,10/07/2020,,6
20263,0,0,0,0,682,AFLUENTE,Afluente Geração de Energia Elétrica S.A,10/07/2020,,6
20264,0,0,0,0,683,ALVORADA,Alvorada Energia S.A,10/07/2020,,6
20265,0,0,0,0,684,APIACÁS,Apiacás Energia S.A,10/07/2020,,6
20266,0,0,0,0,685,BAHIAPEQUENA,Bahia Pequena Central Hidrelétrica S.A,10/07/2020,,6
20267,0,0,0,0,686,CASSOL,Cassol Centrais Elétricas Ltda.,10/07/2020,,6
20268,0,0,0,0,687,RIO ENGANADO,Hidrelétrica Rio Enganado Ltda.,10/07/2020,,6
20269,0,0,0,0,688,GRAPON,Centrais Hidrelétricas Grapon Ltda.,10/07/2020,,6
20270,0,0,0,0,690,CHOPIM,Chopim Energia S.A,10/07/2020,,6
20271,0,0,0,0,691,CIMAG,Cimento Portland Mato Grosso S.A,10/07/2020,,6
20272,0,0,0,0,692,RIO DAS FLORES,Companhia Energética Rio das Flores S.A,10/07/2020,,6
20273,0,0,0,0,694,ITAUNENSE,Companhia Industrial Itaunense,10/07/2020,,6
20274,0,0,0,0,695,CONSTRUTORA LJA,Construtora LJA Ltda.,10/07/2020,,6
20275,0,0,0,0,696,DM,DM Construtora de Obras Ltda.,10/07/2020,,6
20276,0,0,0,0,697,RIOGRANDE,Geração Hidroelétrica Rio Grande S.A.,10/07/2020,,6
20277,0,0,0,0,698,ESPRA,Energética Serra da Prata S.A-ESPRA,10/07/2020,,6
20278,0,0,0,0,699,FERLIG,Ferro Liga Ltda.-FERLIG,10/07/2020,,6
20279,0,0,0,0,700,GERMAT,Geradora de Energia do Estado de Mato Grosso S.A-GERMAT,10/07/2020,,6
20280,0,0,0,0,701,GOIAS SUL,Goiás Sul Geração de Energia S.A,10/07/2020,,6
20281,0,0,0,0,702,ENEL DA FAZENDA,Enel Green Power da Fazenda S.A,10/07/2020,,6
20282,0,0,0,0,703,HIDREL COMODORO,Hidrelétrica Comodoro Ltda.,10/07/2020,,6
20283,0,0,0,0,704,ENEL BOI,Enel Green Power Cabeça de Boi S.A,10/07/2020,,6
20284,0,0,0,0,705,MALUCELLI,J. Malucelli Energia S.A,10/07/2020,,6
20285,0,0,0,0,706,MEGA ENERGIA,Mega Energia Investimentos e Participações Ltda.,10/07/2020,,6
20286,0,0,0,0,707,NOVA JUBA,Nova Juba Energética e Participações S.A,10/07/2020,,6
20287,0,0,0,0,709,PERFORMANCE,PCH Performance Centrais Hidrelétricas Ltda.,10/07/2020,,6
20288,0,0,0,0,710,QUATIARA,Quatiara Energia S.A,10/07/2020,,6
20289,0,0,0,0,711,RBF GERAÇÃO,RBF Geração de Energia S.A,10/07/2020,,6
20290,0,0,0,0,712,RIO BONITO,Rio Bonito Energia Ltda.,10/07/2020,,6
20291,0,0,0,0,713,RIO PCH,Rio PCH I S.A,10/07/2020,,6
20292,0,0,0,0,714,RIO POMBA,Rio Pomba Energética S.A,10/07/2020,,6
20293,0,0,0,0,715,RIO SIRINHAÉM,Rio Sirinhaém Energia Ltda.,10/07/2020,,6
20294,0,0,0,0,716,SANTA MARIA,Santa Maria Companhia Papel e Celulose,10/07/2020,,6
20295,0,0,0,0,717,SPE GUANHÃES,SPE Guanhães Energia S.A,10/07/2020,,6
20296,0,0,0,0,718,SPE PEIXE,SPE Peixe Energia S.A,10/07/2020,,6
20297,0,0,0,0,719,TAMANDUÁ,Tamanduá Energia S.A,10/07/2020,,6
20298,0,0,0,0,721,NHANDU,Usina Elétrica do Nhandu S.A,10/07/2020,,6
20299,0,0,0,0,722,PRATA,Usina Elétrica do Prata Ltda.,10/07/2020,,6
20300,0,0,0,0,723,ZONA DA MATA,Zona da Mata Geração S.A,10/07/2020,,6
20301,0,0,0,0,724,JAAR,Jaar Quimica S.A,10/07/2020,,6
20302,0,0,0,0,725,VOTORCIM II,Votorantim Cimentos S.A,10/07/2020,,6
20303,0,0,0,0,726,JAYADITYA,Jayaditya Empreendimentos e Participações Ltda.,10/07/2020,,6
20304,0,0,0,0,727,RIO MANHUAÇU,Rio Manhuaçu Energética S.A,10/07/2020,,6
20305,0,0,0,0,728,BANDEIRANTE,Companhia Energética Bandeirante S.A.,10/07/2020,,6
20306,0,0,0,0,730,CHIMAY,Chimay Empreendimentos e Participações Ltda.,10/07/2020,,6
20307,0,0,0,0,731,DIVISA,Divisa Energia S.A,10/07/2020,,6
20308,0,0,0,0,732,ILHA COMPRIDA,Ilha Comprida Energia S.A,10/07/2020,,6
20309,0,0,0,0,734,MOHINI,Mohini Empreendimentos e Participações,10/07/2020,,6
20310,0,0,0,0,735,LINHA JACINTO,Coogerva Linha Jacinto Energia S.A,10/07/2020,,6
20311,0,0,0,0,736,LINHA APARECIDA,Coogerva Linha Aparecida Energia S.A,10/07/2020,,6
20312,0,0,0,0,737,QUARTEL UM,Quartel Um Energética S.A.,10/07/2020,,6
20313,0,0,0,0,738,QUARTEL DOIS,Quartel Dois Energética S.A,10/07/2020,,6
20314,0,0,0,0,739,QUARTEL TRES,Quartel Três Energética S.A,10/07/2020,,6
20315,0,0,0,0,740,POÇO FUNDO,Poço Fundo Energia S.A,10/07/2020,,6
20316,0,0,0,0,741,ZÉ TUNIN,Zé Tunin S.A,10/07/2020,,6
20317,0,0,0,0,742,JESUITA,Jesuíta Energia S.A,10/07/2020,,6
20318,0,0,0,0,743,MATA VELHA,Mata Velha Energética S.A,10/07/2020,,6
20319,0,0,0,0,744,PARANÁ,Paraná Geração de Energia S.A,10/07/2020,,6
20320,0,0,0,0,745,SEGREDO,Segredo Energia S.A,10/07/2020,,6
20321,0,0,0,0,746,CAVALINHOS II,Serra dos Cavalinhos II Energética S.A,10/07/2020,,6
20322,0,0,0,0,747,EUCLIDES,Euclides Maciel Energética S.A.,10/07/2020,,6
20323,0,0,0,0,748,MACAÚBAS,Macaúbas Energia Renovável Ltda,10/07/2020,,6
20324,0,0,0,0,749,MF PROJETOS,MF Projetos em Energia Ltda,10/07/2020,,6
20325,0,0,0,0,750,TELES PIRES,Companhia Hidrelétrica Teles Pires,10/07/2020,,6
20326,0,0,0,0,751,RIALMA I,Centrais Elétricas Rio das Almas S.A-RIALMA,10/07/2020,,6
20327,0,0,0,0,752,RIALMA III,Rialma Companhia Energética III S.A,10/07/2020,,6
20328,0,0,0,0,753,RIALMA II,Rialma Companhia Energética II S.A,10/07/2020,,6
20329,0,0,0,0,754,PRIMAVERA,Primavera Energia S.A,10/07/2020,,6
20330,0,0,0,0,755,LEÃOBRANCO,Leão Branco Geração de Energia Ltda.,10/07/2020,,6
20331,0,0,0,0,758,CNB,Companhia de Nickel do Brasil-CNB,10/07/2020,,6
20332,0,0,0,0,760,CERR,Companhia Energética de Roraima-CERR,10/07/2020,,6
20333,0,0,0,0,763,ELMA,Elma Eletricidade de Mato Grosso Ltda.,10/07/2020,,6
20334,0,0,0,0,764,CAMPO DE CIMA,Energética Campo de Cima da Serra Ltda.,10/07/2020,,6
20335,0,0,0,0,766,GERDAU,Gerdau Aços Longos S.A,10/07/2020,,6
20336,0,0,0,0,767,SUCUPIRA,Hidrelétrica Sucupira S.A,10/07/2020,,6
20337,0,0,0,0,768,ÂNGELO CASSOL,Hidroelétrica Ângelo Cassol Ltda.,10/07/2020,,6
20338,0,0,0,0,769,CACHIMBO ALTO,Hidroelétrica Cachimbo Alto Ltda.,10/07/2020,,6
20339,0,0,0,0,770,INXU,Inxú Geradora e Comercializadora de Energia Elétrica S.A.,10/07/2020,,6
20340,0,0,0,0,771,JMALUCELLI,J. Malucelli Construtora de Obras S/A,10/07/2020,,6
20341,0,0,0,0,773,NOVO MUNDO,Novo Mundo Energética S.A,10/07/2020,,6
20342,0,0,0,0,774,BRASIL FOODS,Brasil Foods,10/07/2020,,6
20343,0,0,0,0,775,PEZZI,Pezzi Energética S.A,10/07/2020,,6
20344,0,0,0,0,776,PIRAPORA,Pirapora Energia S.A,10/07/2020,,6
20345,0,0,0,0,777,RIALMA V,Rialma Companhia Energética  V S.A,10/07/2020,,6
20346,0,0,0,0,778,RVERDE-QUEBRADA,Rio Verde Energia S.A - Canoa Quebrada,10/07/2020,,6
20347,0,0,0,0,779,SCRUZ- POWER,Santa Cruz Power Corporation Usinas Hidroelétricas S.A,10/07/2020,,6
20348,0,0,0,0,780,SF ENERGÉTICA,Santa Fé Energética S.A,10/07/2020,,6
20349,0,0,0,0,781,SÃO SEBASTIÃO,São Sebastião Empreendimentos S.A,10/07/2020,,6
20350,0,0,0,0,782,SPE ALTO GARCIA,SPE Alto Garcia Energética S.A.,10/07/2020,,6
20351,0,0,0,0,783,TAPIRAPUAN,Tapirapuan S.A Indústria e Comércio,10/07/2020,,6
20352,0,0,0,0,784,CONS.FUNIL,Consórcio AHE Funil,10/07/2020,,6
20353,0,0,0,0,786,CONS.ATERPA,Consórcio Aterpa CCM,10/07/2020,,6
20354,0,0,0,0,787,CONS.CAP.BRANCO,Consórcio Capim Branco Energia,10/07/2020,,6
20355,0,0,0,0,788,CONS.CEMIG-CEB,Consorcio CEMIG-CEB,10/07/2020,,6
20356,0,0,0,0,789,CONS.IGARAPAVA,Consórcio da Usina Hidreletrica de Igarapava,10/07/2020,,6
20357,0,0,0,0,791,CONS.CESTE,Consórcio Estreito Energia - CESTE,10/07/2020,,6
20358,0,0,0,0,792,CONS.GESAI,Consórcio GESAI - Geração Santa Isabel,10/07/2020,,6
20359,0,0,0,0,793,CONS.AIMORÉS,Consórcio da Hidrelétrica Aimorés,10/07/2020,,6
20360,0,0,0,0,794,CONS.RIOGRANDE,Consórcio PCH Alto Rio Grande,10/07/2020,,6
20361,0,0,0,0,795,CAZUZA,Cazuza Ferreira Energética S.A.,10/07/2020,,6
20362,0,0,0,0,796,SALTO NATAL,Energética Salto Natal S.A.,10/07/2020,,6
20363,0,0,0,0,797,CONS.SELT,Consórcio SELT,10/07/2020,,6
20364,0,0,0,0,798,CONS.ARROZEIRA,Consórcio PCH Arrozeira Meyer,10/07/2020,,6
20365,0,0,0,0,799,CONS.BAGUARI,Consórcio UHE Baguari,10/07/2020,,6
20366,0,0,0,0,800,CONS.CANOAS,Consórcio UHE Canoas,10/07/2020,,6
20367,0,0,0,0,802,CONS.DFRANCISCA,Consórcio UHE Dona Francisca,10/07/2020,,6
20368,0,0,0,0,803,CONS.GUAPORÉ,Consórcio UHE Guaporé,10/07/2020,,6
20369,0,0,0,0,804,CONS.ITÁ,Consórcio UHE Itá,10/07/2020,,6
20370,0,0,0,0,805,ITAOCARA,Usina Hidrelétrica Etaocara S.A.,10/07/2020,,6
20371,0,0,0,0,806,CONS.JAURU,Consórcio UHE Jauru,10/07/2020,,6
20372,0,0,0,0,807,CONS.LUISMAGA,Consórcio UHE Luis Eduardo Magalhães,10/07/2020,,6
20373,0,0,0,0,808,CONS.MACHADINHO,Consórcio UHE Machadinho,10/07/2020,,6
20374,0,0,0,0,809,CONS.MANSO,Consórcio UHE Manso,10/07/2020,,6
20375,0,0,0,0,810,CONS.PAI QUERÊ,Consórcio UHE Pai Querê,10/07/2020,,6
20376,0,0,0,0,811,CONS.RISOLETA,Consórcio UHE Risoleta Neves,10/07/2020,,6
20377,0,0,0,0,812,JARI,Companhia Energética do Jari S.A.,10/07/2020,,6
20378,0,0,0,0,813,ALUPAR,Alupar Investimento S.A.,10/07/2020,,6
20379,0,0,0,0,814,JARDIM,Hidrelétrica Jardim Ltda,10/07/2020,,6
20380,0,0,0,0,815,SANTAFÉ,Santa Fé Energética Ltda.,10/07/2020,,6
20381,0,0,0,0,816,PAREDÃO,Paredão de Minas S.A,10/07/2020,,6
20382,0,0,0,0,817,JAMBO,Jambo Energia S.A.,10/07/2020,,6
20383,0,0,0,0,818,STAHELENAYPE,Santa Helena Energia S.A.,10/07/2020,,6
20384,0,0,0,0,819,CAERN,Companhia de Águas e Esgotos do Rio Grande do Norte,10/07/2020,,6
20385,0,0,0,0,820,COHIDRO-SE,Companhia de Desenvolvimento de Recursos Hídricos e Irrigação de Sergipe,10/07/2020,,6
20386,0,0,0,0,821,CETREL,EMPRESA DE PROTEÇÃO AMBIENTAL S/A,10/07/2020,,6
20387,0,0,0,0,822,IAT,Instituto Água e Terra - PR,10/07/2020,,6
20388,0,0,0,0,901,DH - URUGUAI,Uruguai,10/07/2020,,6
20389,0,0,0,0,902,ARGENTINA,Argentina,10/07/2020,,6
20390,0,0,0,0,903,PARAGUAI,Paraguai,10/07/2020,,6
20391,0,0,0,0,904,CHILE,Chile,10/07/2020,,6
20392,0,0,0,0,905,BOLÍVIA,Bolívia,10/07/2020,,6
20393,0,0,0,0,906,SENAMHI-PERU,Servicio Nacional de Meteorologia e Hidrologia del Perú,10/07/2020,,6
20394,0,0,0,0,907,IDEAM-COLÔMBIA,"Instituto de Hidrologia, Meteorologia y Estudos Ambientales",10/07/2020,,6
20395,0,0,0,0,908,EQUADOR,Equador,10/07/2020,,6
20396,0,0,0,0,909,VENEZUELA,Venezuela,10/07/2020,,6
20397,0,0,0,0,910,GUIANA,Guiana,10/07/2020,,6
20398,0,0,0,0,911,SURINAME,Suriname,10/07/2020,,6
20399,0,0,0,0,912,GUIANA FRANCESA,Guiana Francesa,10/07/2020,,6
20400,0,0,0,0,913,AGERH-ES,Agência Estadual de Recursos Hídricos,10/07/2020,,6
20401,0,0,0,0,914,SECTEC-GO,Secretaria de Ciência e Ecnologia do estado de Goiás,10/07/2020,,6
20402,0,0,0,0,950,ASSET,Asset Allocation Assessoria e Participações Ltda.,10/07/2020,,6
20403,0,0,0,0,951,CIMAG,Cimento Portland Mato Grosso S.A.,10/07/2020,,6
20404,0,0,0,0,952,SERVENG,Serveng Civilsan S.A. - Empresas Associadas de Engenharia,10/07/2020,,6
20405,0,0,0,0,953,RENOVA,Fundação Renova,10/07/2020,,6
20406,0,0,0,0,954,DUALBASE,Dualbase Tecnologia Eletronica Ltda,10/07/2020,,6
20407,0,0,0,0,955,FERNANDO COSTA,Fernando Costa Faria & CIA LTDA.,10/07/2020,,6
20408,0,0,0,0,956,CIMEHGO,Centro de Informações Meteorológicas e Hidrológicas do Estado de Goiás,10/07/2020,,6
20409,0,0,0,0,1001,ÁGUA CLARA,Água Clara Energética S.A.,10/07/2020,,6
20410,0,0,0,0,1002,SEBAST ENERGIA,São Sebastião Energia Ltda.,10/07/2020,,6
20411,0,0,0,0,1003,URBANO,Urbano Agroindustrial Ltda.,10/07/2020,,6
20412,0,0,0,0,1004,CONS.CAPIVARI,Consórcio Cerbranorte-Urbano,10/07/2020,,6
20413,0,0,0,0,1005,CAVALINHOS I,Serra dos Cavalinhos I Energética S.A.,10/07/2020,,6
20414,0,0,0,0,1006,EGP,Enel Green Power Salto Apiacás,10/07/2020,,6
20415,0,0,0,0,1007,ARCEZZIL,Arcezzil Geração de Energia Elétrica Ltda.,10/07/2020,,6
20416,0,0,0,0,1008,SÃO MANOEL,Empresa de Energia São Manoel S.A.,10/07/2020,,6
20417,0,0,0,0,1009,CAMPO BELO,Campo Belo Energética S.A.,10/07/2020,,6
20418,0,0,0,0,1010,ENERGÉTCANOAS,Companhia Energética Canoas,10/07/2020,,6
20419,0,0,0,0,1011,FAZENDA VELHA,Energética Fazenda Velha S.A.,10/07/2020,,6
20420,0,0,0,0,1012,STAHELENASA,Santa Helena Energia S.A,10/07/2020,,6
20421,0,0,0,0,1013,AGUALIMPAMG,Água Limpa Energia S.A. (MG),10/07/2020,,6
20422,0,0,0,0,1014,SAVANA,Savana Geração de Energia S.A.,10/07/2020,,6
20423,0,0,0,0,1015,PHOENIX,Phoenix Geração de Energia S.A.,10/07/2020,,6
20424,0,0,0,0,1016,LAGOA AZUL,Lagoa Azul Energética S.A.,10/07/2020,,6
20425,0,0,0,0,1017,SINOP,Companhia Energética Sinop S.A.,10/07/2020,,6
20426,0,0,0,0,1018,DORES,PCH Dores de Guanhães S.A.,10/07/2020,,6
20427,0,0,0,0,1019,JACARÉ,PCH Jacaré S.A.,10/07/2020,,6
20428,0,0,0,0,1020,FORTUNA,PCH Fortuna ll S.A.,10/07/2020,,6
20429,0,0,0,0,1021,SENHORA,PCH Senhora do Porto S.A.,10/07/2020,,6
20430,0,0,0,0,1022,VIBRAL,Construtora Vibral Ltda.,10/07/2020,,6
20431,0,0,0,0,1023,LAJEADO,Hidroelétrica Lajeado Ltda.,10/07/2020,,6
20432,0,0,0,0,1024,TIJOÁ,Tijoa Participações e Investimentos S.A.,10/07/2020,,6
20433,0,0,0,0,1025,VERDE 02,Verde 02 Energética Ltda.,10/07/2020,,6
20434,0,0,0,0,1026,LAJES,Lajes Energia S.A.,10/07/2020,,6
20435,0,0,0,0,1027,TAMBORIL,Tamboril Energética S.A.,10/07/2020,,6
20436,0,0,0,0,1028,CARNAÚBA,Carnaúba Geração de Energia S.A.,10/07/2020,,6
20437,0,0,0,0,1029,GESM,Geração de Energia Sul de Minas S.A.,10/07/2020,,6
20438,0,0,0,0,1030,TRÊS LEÕES,Três Leões Participações S.A.,10/07/2020,,6
20439,0,0,0,0,1031,RINCÃO,Rincão Energia S.A.,10/07/2020,,6
20440,0,0,0,0,1032,CARAMUJO,Caramujo Energética Ltda.,10/07/2020,,6
20441,0,0,0,0,1033,MAYNART,Maynart Energética Ltda.,10/07/2020,,6
20442,0,0,0,0,1034,VERDE 08,Verde 08 Energia S.A.,10/07/2020,,6
20443,0,0,0,0,1035,RIO DO SAPO,SPE Rio do Sapo Energia S.A,10/07/2020,,6
20444,0,0,0,0,1036,DOIS SALTOS,Dois Saltos Empreendimentos de Geração de Energia Elétrica Ltda.,10/07/2020,,6
20445,0,0,0,0,1037,CAPÃO ALTO,PCH Capão Alto Geração de Energia S.A.,10/07/2020,,6
20446,0,0,0,0,1038,OIAPOQUE,Oiapoque Energia S.A.,10/07/2020,,6
20447,0,0,0,0,1039,HEIDRICH,Heidrich & Heidrich Ltda.,10/07/2020,,6
20448,0,0,0,0,1040,CAJÚ,Cajú Energia Ltda.,10/07/2020,,6
20449,0,0,0,0,1041,TOUROS IV,Touros IV Energética S.A.,10/07/2020,,6
20450,0,0,0,0,1042,PAPELÃO,Papelão Apucaraninha Ltda.,10/07/2020,,6
20451,0,0,0,0,1043,DEMEI GERAÇÃO,Departamento Municipal de Energia de Ijuí Geração - DEMEI-Geração,10/07/2020,,6
20452,0,0,0,0,1044,CERTEL,Certel Energias Renováveis S.A,10/07/2020,,6
20453,0,0,0,0,1045,COURO DO CERVO,Couro do Cervo Energia Ltda.,10/07/2020,,6
20454,0,0,0,0,1046,CANDENGO,Candengo Energias Renováveis Ltda.,10/07/2020,,6
20455,0,0,0,0,1047,LAJARI,Lajari Energética S.A.,10/07/2020,,6
20456,0,0,0,0,1048,ALIANÇA,Aliança Geração de Energia S.A.,10/07/2020,,6
20457,0,0,0,0,1049,CERCAR,Cooperativa de Eletrificação e Desenvolvimento Econômico de Marechal Cândido Rondon,10/07/2020,,6
20458,0,0,0,0,1050,VORTEX,Vortex Energia Ltda.,10/07/2020,,6
20459,0,0,0,0,1051,CASTRO ENERGIA,Castro Energia Ltda.,10/07/2020,,6
20460,0,0,0,0,1052,BOA VISTA 2,SPE Boa Vista 2 Energia S.A.,10/07/2020,,6
20461,0,0,0,0,1053,TIBAGI,Tibagi Energia SPE S.A.,10/07/2020,,6
20462,0,0,0,0,1054,PONTE SERRADA,Ponte Serrada Geração de Energia S.A.,10/07/2020,,6
20463,0,0,0,0,1055,ALTESO,Alteso Geração e Comercialização de Energia Ltda.,10/07/2020,,6
20464,0,0,0,0,1056,ENEL GREEN,Enel Green Power Paranapanema S.A.,10/07/2020,,6
20465,0,0,0,0,1057,SIGMA,Sigma Energia S.A.,10/07/2020,,6
20466,0,0,0,0,1058,AGROINDUSTRIAL,Cooperativa Agrária Agroindustrial,10/07/2020,,6
20467,0,0,0,0,1059,STATKRAFT,Statkraft Energias Renováveis S.A.,10/07/2020,,6
20468,0,0,0,0,1060,CEMIG SUL,CEMIG Geração Sul S.A.,10/07/2020,,6
20469,0,0,0,0,1061,CEMIG LESTE,CEMIG  Geração Leste S.A.,10/07/2020,,6
20470,0,0,0,0,1062,RIO PARANÁ,Rio Paraná Energia S.A.,10/07/2020,,6
20471,0,0,0,0,1063,SÃO LUIZ,São Luiz Energética S.A.,10/07/2020,,6
20472,0,0,0,0,1064,PCH BVII,PCH BVII - Geração de Energia Ltda,10/07/2020,,6
20473,0,0,0,0,1065,BELA VISTA,Bela Vista Energética S.A.,10/07/2020,,6
20474,0,0,0,0,1066,MOURÃO,Enel Green Power Mourão S.A.,10/07/2020,,6
20475,0,0,0,0,1067,SALTO GRANDE,CEMIG Geração Salto Grande S.A.,10/07/2020,,6
20476,0,0,0,0,1068,TRÊS MARIAS,CEMIG Geração Três Marias S.A.,10/07/2020,,6
20477,0,0,0,0,1069,CEMIG ITUTINGA,CEMIG Geração Itutinga S.A.,10/07/2020,,6
20478,0,0,0,0,1070,CEMIG CAMARGOS,CEMIG Geração Camargos S.A.,10/07/2020,,6
20479,0,0,0,0,1071,CEMIG OESTE,CEMIG Geração Oeste S.A.,10/07/2020,,6
20480,0,0,0,0,1072,PULO,Hidrelétrica Pulo Ltda.,10/07/2020,,6
20481,0,0,0,0,1073,SENS,Hidrelétrica Sens Ltda.,10/07/2020,,6
20482,0,0,0,0,1074,RETIRO,Bom Retiro Energia Ltda.,10/07/2020,,6
20483,0,0,0,0,1075,PAULISTA,Paulista Geradora de Energia Ltda.,10/07/2020,,6
20484,0,0,0,0,1076,BOA VISTA,Boa Vista Energética S.A.,10/07/2020,,6
20485,0,0,0,0,1077,SÃO LUIZ,São Luiz Energia S.A.,10/07/2020,,6
20486,0,0,0,0,1078,GUAPORÉ,Nova Guaporé Energética S.A.,10/07/2020,,6
20487,0,0,0,0,1079,SÃO JOÃO II,Hidrelétrica São João II SPE Ltda,10/07/2020,,6
20488,0,0,0,0,1080,ARGENTUM,Argentum Energia SPE Ltda,10/07/2020,,6
20489,0,0,0,0,1081,RECANTO,Recanto Energética SPE S.A.,10/07/2020,,6
20490,0,0,0,0,1082,SANTA BRANCA,Hidrelétrica Santa Branca S.A.,10/07/2020,,6
20491,0,0,0,0,1083,SECRETÁRIO,Secretário Energia S.A.,10/07/2020,,6
20492,0,0,0,0,1084,EECO,EECO Jacutinga - Empreendimentos Energéticos do Centro Oeste S.A.,10/07/2020,,6
20493,0,0,0,0,1085,NOVACASA,Novacasa Geração de Energia SPE Ltda,10/07/2020,,6
20494,0,0,0,0,1086,MAUÉS,Maués S.A.,10/07/2020,,6
20495,0,0,0,0,1087,MANUEL ALVES,Central Geradora Hidrelétrica Manuel Alves Ltda.,10/07/2020,,6
20496,0,0,0,0,1088,AREADO,Areado Energia S.A.,10/07/2020,,6
20497,0,0,0,0,1089,ARMANDO RIBEIRO,Central Geradora Hidrelétrica Armando Ribeiro S.A.,10/07/2020,,6
20498,0,0,0,0,1090,MANTOVILIS,PCH Mantovilis S.A.,10/07/2020,,6
20499,0,0,0,0,1091,IBICARÉ,Ibicaré Hidrelétrica Ltda.,10/07/2020,,6
20500,0,0,0,0,1092,FORQUILHA,Hidrelétrica Forquilha Ltda.,10/07/2020,,6
20501,0,0,0,0,1093,SUL ENERGIA,Brasil Sul Energia S.A.,10/07/2020,,6
20502,0,0,0,0,1094,LOMBO,Lombo do Cavalo S.A. Geração Elétrica.,10/07/2020,,6
20503,0,0,0,0,1095,BARTOLOMEU,São Bartolomeu Geradora de Energia Renovável Ltda.,10/07/2020,,6
20504,0,0,0,0,1096,JUÍNA,PCH Juína S.A.,10/07/2020,,6
20505,0,0,0,0,1097,CASTANHÃO,Central Geradora Hidrelétrica Castanhão S.A.,10/07/2020,,6
20506,0,0,0,0,1098,INVERNADINHA,Energética Invernadinha Ltda.,10/07/2020,,6
20507,0,0,0,0,1099,ROSA ENERGIA,Santa Rosa Energia e Participações S.A.,10/07/2020,,6
20508,0,0,0,0,1100,JAURU S.A.,PCH Jauru S.A.,10/07/2020,,6
20509,0,0,0,0,1101,ITIQUIRA III,PCH Itiquira III Energia SPE S.A.,10/07/2020,,6
20510,0,0,0,0,1102,COBRE,Rio do Cobre Energia Ltda.,10/07/2020,,6
20511,0,0,0,0,1103,ÁGUAS,PCH Águas do Rio Irani Energética Ltda.,10/07/2020,,6
20512,0,0,0,0,1104,MANSO,Ribeirão Manso Energética Ltda.,10/07/2020,,6
20513,0,0,0,0,1105,PIARUCUM,Piarucum Energia Ltda.,10/07/2020,,6
20514,0,0,0,0,1106,PCH BELEZA,Energética PCH Beleza Ltda.,10/07/2020,,6
20515,0,0,0,0,1107,POWERPROJETOS I,Enel Green Power Projetos I S.A.,10/07/2020,,6
20516,0,0,0,0,1108,ENGIE BRASIL,Engie Brasil Energia S.A.,10/07/2020,,6
20517,0,0,0,0,1109,HIDROLUZ,Hidroluz Centrais Elétricas Ltda.,10/07/2020,,6
20518,0,0,0,0,1110,CENTRALGERADORA,Central Geradora Hidrelétrica Forquilha Ltda.,10/07/2020,,6
20519,0,0,0,0,1111,RIO TURVO,Rio Turvo Energética SPE S/A,10/07/2020,,6
20520,0,0,0,0,1112,JAGUARA,Companhia Energética Jaguara,10/07/2020,,6
20521,0,0,0,0,1113,MIRANDA,Companhia Energética Miranda,10/07/2020,,6
20522,0,0,0,0,1114,SUDOESTE,Sudoeste Energia Ltda.,10/07/2020,,6
20523,0,0,0,0,1115,SIMÃO,UHE São Simão Energia S.A.,10/07/2020,,6
20524,0,0,0,0,1116,ANEL,Anel Imobiliária Ltda.,10/07/2020,,6
20525,0,0,0,0,1117,CERCAR,Cercar PCH Moinho S.A.,10/07/2020,,6
20526,0,0,0,0,1118,FORTALEZA,Fortaleza Energia Ltda.,10/07/2020,,6
20527,0,0,0,0,1119,JASP,Hidrelétrica Jasp Ltda.,10/07/2020,,6
20528,0,0,0,0,1120,LIGEIRO,Rio Ligeiro Energia Ltda.,10/07/2020,,6
20529,0,0,0,0,1121,SOCIEDADE,Sociedade Urbano Cerbranorte - Geração de Energia Elétrica SPE Ltda.,10/07/2020,,6
20530,0,0,0,0,1122,SARGENTO,Rio Sargento Energia S.A.,10/07/2020,,6
20531,0,0,0,0,1123,SZO,SZO Empreendimentos Ltda.,10/07/2020,,6
20532,0,0,0,0,1124,KINROSS,Kinross Brasil Mineração S.A.,10/07/2020,,6
20533,0,0,0,0,1125,IJUÍ,Ijuí Centenária Geração SPE Ltda.,10/07/2020,,6
20534,0,0,0,0,1126,CAMBARÁ,Cambará S.A. Produtos Florestais,10/07/2020,,6
20535,0,0,0,0,1127,BURITIZAL,Hidroelétrica Buritizal Ltda.,10/07/2020,,6
20536,0,0,0,0,1128,CHALÉ,Central Geradora Hidroelétrica Chalé S.A,10/07/2020,,6
20537,0,0,0,0,1129,MAZP,Energias Renováveis Mazp Ltda,10/07/2020,,6
20538,0,0,0,0,1130,BRITO,Brito Energética Ltda.,10/07/2020,,6
20539,0,0,0,0,1131,AT&T,AT&T Energia S.A.,10/07/2020,,6
20540,0,0,0,0,1132,LIMPA,Energia Limpa Participações Ltda.,10/07/2020,,6
20541,0,0,0,0,1133,ALTO GUAPORÉ,PCH Alto Guaporé SPE S.A.,10/07/2020,,6
20542,0,0,0,0,1134,OURO BRANCO,Central Hidrelétrica Ouro Branco Ltda.,10/07/2020,,6
20543,0,0,0,0,1135,DIAMANTINO,Diamantino Energia Ltda,10/07/2020,,6
20544,0,0,0,0,1136,VALENTIM,São Valentim Geração de Energia S.A.,10/07/2020,,6
20545,0,0,0,0,1137,LACERDÓPOLIS,Lacerdópolis Energia S.A.,10/07/2020,,6
20546,0,0,0,0,1138,ENERVIX,Enervix Energias do Espiríto Santo,10/07/2020,,6
20547,0,0,0,0,1139,DESERTO,Central Geradora Hidroelétrica Santana do Deserto Ltda.,10/07/2020,,6
20548,0,0,0,0,1140,INGÁ-MIRIM,Ingá-Mirim Energia S.A.,10/07/2020,,6
20549,0,0,0,0,1141,PALMEIRAS,Central Hidrelétrica Palmeiras do Tocantins Ltda.,10/07/2020,,6
20550,0,0,0,0,1142,RIO DAS PEDRAS,Energética Rio das Pedras SPE Ltda.,10/07/2020,,6
20551,0,0,0,0,1143,C2LG GERAÇÃO,C2LG Geração de Energia Ltda.,10/07/2020,,6
20552,0,0,0,0,1144,SUCURI,Central Hidrelétrica Sucuri Ltda.,10/07/2020,,6
20553,0,0,0,0,1145,MAFRÁS ENERGIA,Mafrás Energia e Reflorestamento Ltda.,10/07/2020,,6
20554,0,0,0,0,1146,SIRIVERA,Central Hidrelétrica Sirivera Ltda.,10/07/2020,,6
20555,0,0,0,0,1147,MÉDIO GARCIA,Médio Garcia Hidrelétrica S.A.,10/07/2020,,6
20556,0,0,0,0,1148,PORTO,Porto Energética Ltda.,10/07/2020,,6
20557,0,0,0,0,1149,PARAÍSO,Hidrelétrica Paraíso SPE Ltda.,10/07/2020,,6
20558,0,0,0,0,1150,SÃO PATRÍCIO,Companhia São Patrício de Geração e Transmissão de Energia Elétrica - CSPG&T,10/07/2020,,6
20559,0,0,0,0,1151,CPFL Energias,CPFL Energias Renováveis S.A.,10/07/2020,,6
20560,0,0,0,0,1152,ZARWAL,Zarwal de Participação Ltda.,10/07/2020,,6
20561,0,0,0,0,1153,PRADO,Antônio Prado Energia S.A.,10/07/2020,,6
20562,0,0,0,0,1154,FOCUS,Focus Geração de Energia Ltda.,10/07/2020,,6
20563,0,0,0,0,1155,CHEROBIM,SPE Cherobim Energia S.A.,10/07/2020,,6
20564,0,0,0,0,1156,GALERA,Rio Galera Energética S.A.,10/07/2020,,6
20565,0,0,0,0,1157,SILVEIRA III,Silveira III Energética S.A.,10/07/2020,,6
20566,0,0,0,0,1158,SANTANA,Foz do Santana Geração de Energia S.A.,10/07/2020,,6
20567,0,0,0,0,1159,SANTANA,Santana Energética Ltda,10/07/2020,,6
20568,0,0,0,0,1160,ARA,ARA  Geração de Energia Santa Luzia Ltda.,10/07/2020,,6
20569,0,0,0,0,1161,TRANSLEAD,Translead Empreendimentos e Incorporações Ltda.,10/07/2020,,6
20570,0,0,0,0,1162,VARGEÃO,Geradora de Energia Vargeão Ltda,10/07/2020,,6
20571,0,0,0,0,1163,F.D.A.,F.D.A. Geração de Energia Elétrica S.A.,10/07/2020,,6
20572,0,0,0,0,1164,TAGUÁ,Taguá Energia Ltda,10/07/2020,,6
20573,0,0,0,0,1165,MU,MU Energias Renováveis Ltda,10/07/2020,,6
20574,0,0,0,0,1166,CAVERNOSO III,Cavernoso III Energia SPE Ltda,10/07/2020,,6
20575,0,0,0,0,1167,CAVERNOSO IV,Cavernoso IV Energia SPE Ltda,10/07/2020,,6
20576,0,0,0,0,1168,CERQUINHA,Cerquinha III Energética S.A.,10/07/2020,,6
20577,0,0,0,0,1169,COPREL,Coprel Coperativa de Geração de Energia e Desenvolvimento,10/07/2020,,6
20578,0,0,0,0,1170,CABUÍ,PCH Cabuí SPE S.A.,10/07/2020,,6
20579,0,0,0,0,1171,RODEIO,Rodeio Energética S.A.,10/07/2020,,6
20580,0,0,0,0,1172,SÃO CARLOS,São Carlos Energia Ltda,10/07/2020,,6